Year,Month,Day,H2a,H7a,H7b,H8a,H8b,H10,H21a
2010,12,29,6.934,0.01046,0.0096,6.168,4.372,-0.0008797,10.37
2011,1,2,6.451,0.01015,0.009081,6.18,4.367,0.001224,10.18
2011,1,6,6.335,0.01088,0.009153,6.192,4.367,0.00106,10.06
2011,1,10,6.258,0.01158,0.00985,6.197,4.364,0.0004568,9.77
2011,1,14,6.349,0.01114,0.00957,6.202,4.371,0.005498,9.345
2011,1,18,6.373,0.01272,0.01042,6.22,4.374,0.005446,10.36
2011,1,22,6.074,0.0124,0.009831,6.233,4.375,0.004372,10.19
2011,1,26,6.093,0.01205,0.01002,6.257,4.384,0.003544,10
2011,1,30,6.189,0.01323,0.01129,6.27,4.387,0.001319,9.817
2011,2,3,6.128,0.01211,0.01045,6.283,4.389,-0.0009409,9.794
2011,2,7,6.068,0.01195,0.01016,6.297,4.391,0.0002723,10.08
2011,2,11,5.868,0.01059,0.008744,6.304,4.393,0.001137,9.918
2011,2,15,6.093,0.01099,0.009186,6.295,4.393,0.005539,9.749
2011,2,19,6.103,0.01159,0.009357,6.28,4.384,0.006326,9.638
2011,2,23,6.048,0.0115,0.009336,6.259,4.377,0.006026,9.443
2011,2,27,5.971,0.01069,0.008445,6.248,4.374,0.007034,9.083
2011,3,3,6.127,0.01011,0.008136,6.251,4.38,0.007198,9.156
2011,3,7,6.073,0.009924,0.008196,6.259,4.381,0.004206,9.145
2011,3,11,6.055,0.01006,0.008323,6.26,4.381,0.005195,9.178
2011,3,15,6.174,0.009172,0.007522,6.257,4.382,0.007905,9.297
2011,3,19,6.112,0.009599,0.007738,6.247,4.379,0.01011,9.198
2011,3,23,6.082,0.007487,0.005772,6.253,4.386,0.01124,9.154
2011,3,27,6.259,0.008341,0.006907,6.257,4.393,0.01279,9.335
2011,3,31,6.144,0.007967,0.006565,6.25,4.395,0.01004,9.495
2011,4,4,5.889,0.006164,0.00484,6.261,4.403,0.01233,9.563
2011,4,8,5.713,0.00609,0.004784,6.268,4.411,0.01472,9.514
2011,4,12,5.693,0.005783,0.004604,6.283,4.423,0.01477,9.454
2011,4,16,5.882,0.007093,0.006169,6.298,4.434,0.01227,9.511
2011,4,20,5.703,0.006773,0.005732,6.302,4.437,0.00992,9.712
2011,4,24,5.683,0.006303,0.005311,6.322,4.45,0.01027,9.878
2011,4,28,5.678,0.007807,0.006853,6.341,4.459,0.008293,10.05
2011,5,2,5.546,0.006419,0.005325,6.351,4.465,0.00561,10.17
2011,5,6,5.669,0.004726,0.003778,6.38,4.486,0.01103,10.4
2011,5,10,5.662,0.005375,0.00452,6.392,4.496,0.01159,10.64
2011,5,14,5.722,0.005355,0.004506,6.409,4.506,0.01001,10.85
2011,5,18,5.872,0.004527,0.003519,6.414,4.512,0.01039,11.43
2011,5,22,5.823,0.006082,0.004784,6.422,4.514,0.006855,11.73
2011,5,26,5.798,0.004768,0.003559,6.424,4.514,0.006518,11.67
2011,5,30,5.87,0.004768,0.003943,6.433,4.519,0.005462,11.9
2011,6,3,5.886,0.003737,0.003383,6.434,4.521,0.005136,12.49
2011,6,7,5.892,0.004116,0.003718,6.433,4.523,0.004387,12.92
2011,6,11,5.887,0.005209,0.00476,6.437,4.523,0.000413,12.95
2011,6,15,5.815,0.00526,0.00474,6.444,4.525,-0.0002816,12.9
2011,6,19,5.746,0.003921,0.003134,6.456,4.533,0.001457,12.86
2011,6,23,5.853,0.004282,0.003331,6.47,4.544,0.001314,13.62
2011,6,27,5.938,0.004061,0.003197,6.491,4.556,0.0001075,13.93
2011,7,1,6.241,0.003732,0.002965,6.515,4.566,0.001495,14.59
2011,7,5,6.255,0.003017,0.002101,6.527,4.573,-0.0002015,14.71
2011,7,9,6.402,0.002454,0.001404,6.557,4.592,0.002289,14.31
2011,7,13,6.602,0.003621,0.002808,6.567,4.601,0.003823,14.8
2011,7,17,6.735,0.003572,0.002549,6.586,4.611,0.002368,15.52
2011,7,21,6.707,0.004412,0.003333,6.585,4.61,7.371e-05,15.74
2011,7,25,6.804,0.002141,0.001271,6.604,4.619,-0.0004307,15.75
2011,7,29,6.75,0.001117,0.0005506,6.609,4.623,-5.808e-05,15.36
2011,8,2,6.814,0.001319,0.001117,6.581,4.614,5.457e-05,15.33
2011,8,6,6.873,0.001218,0.001395,6.611,4.623,-0.003505,15.8
2011,8,10,6.881,-0.0008496,9.462e-05,6.611,4.625,-0.003346,15.59
2011,8,14,6.821,-0.002623,-0.001325,6.627,4.63,0.0005311,16.18
2011,8,18,6.949,-0.0005413,0.0007417,6.628,4.635,-0.001086,16.37
2011,8,22,7.035,-0.0009029,0.0003059,6.638,4.638,-0.001361,16.2
2011,8,26,7.097,-0.0005004,0.0005331,6.657,4.645,-0.002094,16.77
2011,8,30,6.9,0.0001563,0.001015,6.643,4.638,-0.004131,16.51
2011,9,3,6.636,-0.0007755,-1.788e-05,6.631,4.633,-0.003977,15.87
2011,9,7,6.622,0.001297,0.001667,6.617,4.629,-0.002198,15.96
2011,9,11,6.708,0.001078,0.001293,6.614,4.623,-0.003121,16.09
2011,9,15,6.697,0.001079,0.001159,6.618,4.619,-0.0008839,16.13
2011,9,19,6.753,0.0005903,0.0006168,6.61,4.612,-0.001504,16.24
2011,9,23,6.779,-0.0002614,-0.0001287,6.615,4.615,-0.0001025,16.65
2011,9,27,6.89,-0.0001835,0.0002093,6.623,4.618,-0.0006036,16.58
2011,10,1,6.922,-0.001016,-0.0007013,6.615,4.615,-0.001679,16.21
2011,10,5,7.029,0.0002503,0.0006667,6.593,4.61,-0.0008079,15.5
2011,10,9,6.875,0.000373,0.0007103,6.585,4.601,-0.001651,15.3
2011,10,13,6.81,0.0002763,0.0005111,6.575,4.598,-0.001381,15.28
2011,10,17,6.761,0.0004856,0.000344,6.575,4.599,-0.001252,15.05
2011,10,21,6.805,0.001576,0.001118,6.588,4.604,0.0003836,14.81
2011,10,25,6.536,0.001305,0.0004675,6.588,4.599,0.00218,14.25
2011,10,29,6.604,0.001101,-1.278e-05,6.611,4.61,0.007401,13.78
2011,11,2,6.595,0.00243,0.001611,6.607,4.61,0.005678,13.48
2011,11,6,6.563,0.002252,0.001604,6.601,4.61,0.009071,12.81
2011,11,10,6.551,0.002595,0.002038,6.615,4.615,0.003892,12.68
2011,11,14,6.542,0.003195,0.002377,6.623,4.619,0.001225,12.47
2011,11,18,6.554,0.003452,0.002346,6.609,4.614,0.002917,12.25
2011,11,22,6.693,0.003855,0.002287,6.601,4.61,0.004542,11.87
2011,11,26,6.815,0.004447,0.002646,6.581,4.602,0.001149,11.67
2011,11,30,6.516,0.004391,0.002572,6.586,4.596,0.0005045,11.55
2011,12,4,5.976,0.003364,0.00144,6.578,4.587,0.001086,11.08
2011,12,8,6.039,0.001584,-3.833e-05,6.584,4.594,0.005016,10.67
2011,12,12,6,0.002401,0.001201,6.579,4.587,0.00436,10.46
2011,12,16,6.085,0.001274,7.164e-05,6.591,4.595,0.005972,10.14
2011,12,20,6.066,0.001357,0.0001693,6.587,4.597,0.00639,10.09
2011,12,24,6.089,0.000184,-0.000782,6.595,4.603,0.00778,9.842
2011,12,28,6.276,0.001597,0.0005885,6.581,4.602,0.007946,9.803
2012,1,1,6.349,0.001519,0.0001621,6.566,4.6,0.008423,9.906
2012,1,5,6.346,0.001194,-0.0002569,6.566,4.605,0.01076,9.876
2012,1,9,6.297,0.00297,0.001241,6.578,4.61,0.01021,9.994
2012,1,13,6.205,0.003058,0.0009848,6.596,4.622,0.01051,9.836
2012,1,17,6.377,0.00406,0.002004,6.585,4.621,0.009076,9.356
2012,1,21,6.615,0.004626,0.002548,6.562,4.618,0.008838,9.348
2012,1,25,6.577,0.00431,0.001858,6.556,4.614,0.006167,9.376
2012,1,29,6.414,0.004701,0.002265,6.551,4.611,0.0033,9.302
2012,2,2,6.415,0.004464,0.001925,6.571,4.619,0.003026,9.476
2012,2,6,6.393,0.003926,0.001749,6.58,4.625,0.003028,9.589
2012,2,10,6.487,0.003287,0.001758,6.589,4.633,0.003643,9.569
2012,2,14,6.477,0.003856,0.002574,6.565,4.622,0.001396,9.401
2012,2,18,6.257,0.003354,0.001911,6.547,4.608,-0.0002129,9.096
2012,2,22,6.117,0.002195,0.001071,6.526,4.599,-0.00017,9.33
2012,2,26,5.838,0.001967,0.000788,6.497,4.587,-0.001521,9.15
2012,3,1,5.766,0.000678,-0.0004073,6.495,4.587,0.001663,8.723
2012,3,5,5.888,0.0006366,-0.0003751,6.492,4.588,-4.37e-05,8.844
2012,3,9,5.761,9.954e-05,-0.0007411,6.485,4.584,-0.002134,8.777
2012,3,13,5.987,-0.001111,-0.001756,6.479,4.586,0.001796,8.75
2012,3,17,6.183,-0.001152,-0.002,6.462,4.583,0.003741,8.809
2012,3,21,6.057,-0.001244,-0.002164,6.434,4.575,0.004012,8.749
2012,3,25,6.083,-0.001229,-0.00202,6.42,4.574,0.006065,8.773
2012,3,29,6.314,0.0003336,-0.0007595,6.426,4.581,0.00841,8.918
2012,4,2,6.416,0.002132,0.0008493,6.42,4.578,0.00945,9.01
2012,4,6,6.134,0.002912,0.001442,6.419,4.574,0.008522,9.027
2012,4,10,6.037,0.001375,-5.74e-05,6.436,4.583,0.008447,9.292
2012,4,14,6.109,0.002794,0.00112,6.454,4.593,0.0109,9.587
2012,4,18,6.05,0.003411,0.001546,6.463,4.596,0.009824,9.803
2012,4,22,6,0.003109,0.001206,6.473,4.598,0.01099,10.72
2012,4,26,6.023,0.001838,0.0001052,6.484,4.607,0.0126,10.48
2012,4,30,5.917,0.003878,0.002188,6.487,4.609,0.01036,10.2
2012,5,4,5.837,0.003018,0.001469,6.492,4.613,0.01102,10.08
2012,5,8,5.754,0.003937,0.002347,6.495,4.619,0.008402,10.48
2012,5,12,5.602,0.003007,0.001499,6.517,4.632,0.008018,10.84
2012,5,16,5.748,0.00415,0.002934,6.534,4.644,0.008273,11.36
2012,5,20,5.751,0.003327,0.002497,6.543,4.647,0.004652,11.27
2012,5,24,5.761,0.002462,0.002056,6.546,4.651,0.008404,11.64
2012,5,28,5.694,0.002252,0.001937,6.54,4.649,0.007978,11.8
2012,6,1,5.723,0.003539,0.00307,6.545,4.653,0.004815,12.73
2012,6,5,5.845,0.003101,0.00262,6.555,4.661,0.004379,12.71
2012,6,9,5.956,0.004354,0.003553,6.556,4.666,0.003776,12.69
2012,6,13,6.01,0.002801,0.001746,6.571,4.678,0.005462,12.45
2012,6,17,6.014,0.002003,0.0009326,6.605,4.696,0.009149,12.77
2012,6,21,6.101,0.002439,0.001513,6.629,4.715,0.01102,13.4
2012,6,25,6.223,0.003117,0.002595,6.63,4.723,0.007687,13.88
2012,6,29,6.28,0.003519,0.002898,6.627,4.726,0.004473,14.72
2012,7,3,6.504,0.003736,0.003242,6.642,4.73,0.001761,14.6
2012,7,7,6.428,0.002764,0.002322,6.643,4.73,-0.0009476,14.76
2012,7,11,6.466,0.003239,0.003071,6.643,4.732,-0.003762,14.21
2012,7,15,6.312,0.002922,0.002825,6.625,4.726,-0.003087,14.43
2012,7,19,6.472,0.002499,0.002529,6.626,4.729,0.001108,14.88
2012,7,23,6.636,0.003921,0.003725,6.632,4.734,-0.003412,15.05
2012,7,27,6.664,0.002632,0.002634,6.65,4.74,-0.001485,14.35
2012,7,31,6.789,0.004459,0.004494,6.659,4.74,-0.002912,15.38
2012,8,4,6.744,0.003216,0.003069,6.651,4.74,-0.002961,15.6
2012,8,8,6.839,0.00505,0.004613,6.659,4.747,-0.001103,16.16
2012,8,12,6.765,0.00354,0.002585,6.662,4.749,-0.003001,15.58
2012,8,16,6.863,0.003863,0.002634,6.665,4.755,0.001918,15.56
2012,8,20,6.962,0.00599,0.004143,6.664,4.755,-0.001204,16.2
2012,8,24,6.903,0.005726,0.003134,6.677,4.759,-0.003675,15.78
2012,8,28,6.973,0.006254,0.00322,6.678,4.763,-0.001465,15.78
2012,9,1,7.008,0.007696,0.004151,6.676,4.759,-0.006407,15.83
2012,9,5,6.974,0.00548,0.002168,6.667,4.754,-0.006365,15.55
2012,9,9,7.109,0.004928,0.001891,6.668,4.756,-0.00314,15.77
2012,9,13,6.993,0.004844,0.002062,6.658,4.748,-0.006712,15.14
2012,9,17,7.024,0.004948,0.002082,6.654,4.743,-0.004603,15.29
2012,9,21,7.073,0.004968,0.002168,6.644,4.738,-0.006052,15.44
2012,9,25,6.887,0.004499,0.001569,6.643,4.734,-0.007641,15.16
2012,9,29,6.87,0.004137,0.001437,6.644,4.731,-0.007357,14.81
2012,10,3,7.057,0.003713,0.001387,6.658,4.731,-0.007764,14.26
2012,10,7,7.048,0.004857,0.002569,6.645,4.724,-0.006594,14
2012,10,11,7.032,0.00477,0.002193,6.634,4.716,-0.006581,14.1
2012,10,15,7.158,0.003685,0.001251,6.63,4.714,-0.003077,14.1
2012,10,19,7.102,0.003743,0.001437,6.638,4.714,-0.003543,14.14
2012,10,23,7.142,0.003913,0.001836,6.634,4.714,-0.0014,13.5
2012,10,27,7.15,0.005064,0.002965,6.621,4.706,-0.004199,13.08
2012,10,31,7.195,0.003882,0.001808,6.607,4.698,-0.004728,13.22
2012,11,4,7.196,0.003912,0.001849,6.596,4.691,-0.002772,13.45
2012,11,8,7,0.004518,0.002072,6.587,4.685,-0.003214,13.39
2012,11,12,6.981,0.005345,0.002732,6.574,4.673,-0.004381,12.84
2012,11,16,6.963,0.004425,0.00152,6.573,4.668,-0.006119,12.77
2012,11,20,7.202,0.004233,0.001668,6.566,4.669,-0.002514,12.34
2012,11,24,7.172,0.003975,0.001384,6.554,4.659,-0.003502,12.04
2012,11,28,7.027,0.001575,-0.0009424,6.554,4.659,-0.0004399,11.88
2012,12,2,7.5,0.002316,0.0002196,6.553,4.662,0.002283,11.94
2012,12,6,7.131,0.001885,-1.857e-05,6.507,4.641,0.002643,11.66
2012,12,10,6.619,0.002084,-1.492e-05,6.519,4.642,0.002142,11.38
2012,12,14,6.537,-0.0001738,-0.002023,6.537,4.653,0.009268,11.26
2012,12,18,6.684,0.001133,-0.0006961,6.542,4.66,0.009675,10.98
2012,12,22,6.888,0.001514,-0.0002411,6.523,4.657,0.009448,10.49
2012,12,26,6.797,0.001217,-0.0003967,6.519,4.658,0.008939,10.36
2012,12,30,6.357,0.001264,-0.0003655,6.522,4.656,0.008993,10.32
2013,1,3,6.316,0.0002659,-0.001187,6.536,4.663,0.007248,10.31
2013,1,7,6.291,0.001544,0.0001785,6.549,4.667,0.004695,10.12
2013,1,11,6.204,0.002151,0.001011,6.552,4.663,0.004412,9.971
2013,1,15,6.098,0.0007615,-0.0004048,6.551,4.661,0.003282,10.18
2013,1,19,6.159,0.0007322,-0.0005214,6.559,4.669,0.003081,10.1
2013,1,23,6.218,0.001943,0.0004255,6.567,4.674,0.00115,9.677
2013,1,27,6.334,0.002036,0.0005145,6.577,4.679,0.001258,9.554
2013,1,31,6.215,0.002782,0.00118,6.578,4.674,-0.0006168,9.676
2013,2,4,6.254,0.001022,-0.0004646,6.588,4.681,0.001364,9.722
2013,2,8,6.275,0.002852,0.001332,6.585,4.681,-4.474e-05,9.453
2013,2,12,6.167,0.001006,-0.0005901,6.592,4.683,-0.0006953,9.314
2013,2,16,6.28,0.0009407,-0.0005202,6.602,4.69,0.00164,9.389
2013,2,20,6.227,0.002113,0.0006238,6.587,4.683,0.0008852,9.245
2013,2,24,6.116,0.002011,0.0006718,6.579,4.678,-0.002053,9.02
2013,2,28,6.112,0.001136,-0.0001006,6.581,4.681,-9.644e-05,8.949
2013,3,4,6.213,0.00141,0.0001384,6.586,4.685,0.0003438,9.116
2013,3,8,6.25,0.0009602,-0.0001604,6.594,4.688,0.001521,9.315
2013,3,12,6.112,0.001727,0.0004014,6.587,4.684,-0.002061,8.771
2013,3,16,6.069,0.001087,-0.0002585,6.588,4.684,-0.001171,9.24
2013,3,20,6.004,0.000759,-0.0005497,6.594,4.685,-0.0008319,9.333
2013,3,24,5.897,0.001237,-7.731e-05,6.596,4.686,-0.0001961,9.253
2013,3,28,5.858,7.957e-05,-0.001152,6.594,4.69,0.003512,9.816
2013,4,1,5.943,0.001035,-0.0003421,6.595,4.692,0.002258,10.07
2013,4,5,6.044,0.001513,-3.984e-05,6.587,4.694,0.0006228,9.629
2013,4,9,6.191,0.001734,0.0002503,6.581,4.691,0.001588,9.879
2013,4,13,5.782,0.0001837,-0.001468,6.575,4.686,0.004038,9.935
2013,4,17,5.559,8.5e-06,-0.001506,6.57,4.687,0.008789,9.906
2013,4,21,5.505,-0.0003226,-0.001843,6.576,4.693,0.01067,10.34
2013,4,25,5.528,-0.0003049,-0.001735,6.581,4.699,0.01003,10.44
2013,4,29,5.734,0.00282,0.001341,6.59,4.703,0.004019,10.63
2013,5,3,5.692,0.001484,-0.0002363,6.591,4.699,0.000905,10.83
2013,5,7,5.778,0.001307,-0.000268,6.586,4.697,0.004412,11.68
2013,5,11,5.859,0.002354,0.0006581,6.58,4.695,-0.001676,11.9
2013,5,15,5.905,0.002937,0.001092,6.579,4.69,-0.003365,12.16
2013,5,19,5.894,0.002498,0.0007763,6.573,4.686,-0.001454,12.54
2013,5,23,5.909,0.002873,0.001213,6.552,4.679,0.002468,11.79
2013,5,27,5.892,0.002404,0.0007107,6.535,4.674,0.004239,11.85
2013,5,31,5.983,0.002653,0.0007374,6.545,4.683,0.005403,12.79
2013,6,4,5.712,0.001178,-0.0006669,6.553,4.688,0.006607,12.8
2013,6,8,5.897,0.001349,-0.0004042,6.569,4.706,0.01055,13.11
2013,6,12,5.962,0.00113,-0.0001364,6.564,4.713,0.008602,12.94
2013,6,16,6.024,0.001401,0.0004503,6.568,4.717,0.006217,13.59
2013,6,20,6.102,0.001911,0.0009131,6.566,4.719,0.007474,14.21
2013,6,24,6.107,0.0007746,-0.0002637,6.562,4.718,0.007677,14.65
2013,6,28,6.275,0.001034,7.274e-05,6.561,4.724,0.008185,14.94
2013,7,2,6.277,0.001107,9.083e-05,6.576,4.733,0.004649,15.86
2013,7,6,6.186,0.001077,-0.000101,6.603,4.747,0.00452,15.4
2013,7,10,6.256,5.056e-05,-0.0006109,6.602,4.753,0.004843,14.79
2013,7,14,6.335,0.0001017,-0.0004746,6.598,4.754,0.001941,14.58
2013,7,18,6.517,0.0007218,0.0001277,6.604,4.761,0.00345,14.88
2013,7,22,6.462,0.0006547,-0.0004465,6.605,4.767,0.003057,14.41
2013,7,26,6.647,6.821e-05,-0.0009217,6.595,4.772,0.004191,14.48
2013,7,30,6.621,0.0008828,-0.0002045,6.603,4.775,0.002551,14.51
2013,8,3,6.644,0.002637,0.001259,6.606,4.778,0.002789,14.88
2013,8,7,6.582,0.001515,0.0001998,6.6,4.775,0.001019,14.7
2013,8,11,6.65,0.00207,0.001071,6.601,4.778,-0.0005039,15.82
2013,8,15,6.698,0.002782,0.001624,6.602,4.779,-0.001662,16.52
2013,8,19,6.739,0.003306,0.001995,6.586,4.775,-0.001015,17.01
2013,8,23,6.715,0.002658,0.001004,6.587,4.778,0.0007301,16.43
2013,8,27,6.761,0.003881,0.002137,6.589,4.778,-0.0006921,16.83
2013,8,31,6.832,0.003455,0.001829,6.601,4.784,-0.0009368,17.43
2013,9,4,6.897,0.004434,0.00239,6.616,4.793,0.001295,17.83
2013,9,8,6.787,0.005155,0.002887,6.627,4.793,-0.0009627,17.78
2013,9,12,6.813,0.003628,0.001506,6.647,4.804,0.001537,17.53
2013,9,16,6.872,0.005333,0.003212,6.658,4.81,-0.002093,17.61
2013,9,20,6.769,0.005771,0.00355,6.666,4.808,-0.005821,17.47
2013,9,24,6.839,0.006333,0.004077,6.662,4.804,-0.005187,17.19
2013,9,28,6.73,0.006681,0.004509,6.643,4.792,-0.006028,16.21
2013,10,2,6.81,0.006482,0.00466,6.639,4.788,-0.006419,15.75
2013,10,6,6.544,0.004868,0.003016,6.624,4.777,-0.006473,15.55
2013,10,10,6.352,0.004745,0.003144,6.605,4.768,-0.005584,14.88
2013,10,14,6.362,0.003642,0.001937,6.615,4.77,-0.006225,14.55
2013,10,18,6.475,0.00257,0.001034,6.616,4.767,-0.00453,14.32
2013,10,22,6.599,0.001896,0.0004286,6.611,4.765,-0.003425,14.14
2013,10,26,6.791,0.001516,3.686e-05,6.6,4.763,-0.002554,13.75
2013,10,30,6.852,0.0005507,-0.0008503,6.594,4.763,0.0004318,13.33
2013,11,3,6.858,0.000415,-0.000785,6.589,4.765,0.002535,13.03
2013,11,7,6.681,0.000159,-0.001066,6.58,4.764,0.004209,12.74
2013,11,11,6.819,0.001491,8.897e-07,6.602,4.778,0.003431,12.8
2013,11,15,6.826,0.003505,0.001888,6.608,4.78,-0.002115,12.69
2013,11,19,6.788,0.002824,0.0009832,6.608,4.778,-0.002819,12.34
2013,11,23,6.836,0.002227,0.000433,6.605,4.779,-0.003985,11.97
2013,11,27,6.884,0.003341,0.001419,6.608,4.779,-0.005003,11.85
2013,12,1,6.945,0.0046,0.0023,6.612,4.779,-0.008362,11.61
2013,12,5,6.444,0.005116,0.002749,6.581,4.761,-0.005895,11.04
2013,12,9,6.293,0.004417,0.001841,6.557,4.752,-0.003017,10.51
2013,12,13,6.385,0.003879,0.001213,6.555,4.756,-0.0008851,10.31
2013,12,17,6.409,0.004098,0.001697,6.545,4.755,-0.001608,10.47
2013,12,21,6.163,0.003882,0.001197,6.539,4.752,4.384e-05,10.12
2013,12,25,6.266,0.001528,-0.0008624,6.572,4.769,0.0045,10.7
2013,12,29,6.367,0.001697,-9.43e-05,6.591,4.778,0.004396,10.18
2014,1,2,6.633,0.001374,-3.464e-05,6.611,4.792,0.003548,10.44
2014,1,6,6.722,0.001963,0.0004234,6.625,4.801,0.004211,10.45
2014,1,10,6.745,0.002553,0.001168,6.622,4.803,0.005368,10.01
2014,1,14,6.757,0.002905,0.001359,6.62,4.802,0.004281,10.54
2014,1,18,6.826,0.002017,0.0006718,6.63,4.812,0.006416,10.41
2014,1,22,6.92,0.002984,0.001612,6.638,4.818,0.004503,10.3
2014,1,26,6.949,0.002695,0.001374,6.646,4.823,0.002848,10.3
2014,1,30,6.979,0.003738,0.002623,6.633,4.818,0.002254,10.13
2014,2,3,6.831,0.002832,0.001925,6.617,4.806,0.001986,9.926
2014,2,7,6.83,0.002275,0.001387,6.606,4.801,0.001219,9.743
2014,2,11,6.776,0.002011,0.001156,6.621,4.803,0.0009162,9.413
2014,2,15,6.783,0.002378,0.001398,6.615,4.799,-0.001407,9.818
2014,2,19,6.717,0.001718,0.0008092,6.618,4.797,-0.0007807,9.877
2014,2,23,6.488,0.001615,0.0009192,6.618,4.795,-0.001422,9.881
2014,2,27,6.576,0.001771,0.001184,6.631,4.802,0.0002082,9.969
2014,3,3,6.727,0.002339,0.001845,6.639,4.808,-0.001452,10.22
2014,3,7,6.927,0.00312,0.00248,6.638,4.804,-0.004348,10.26
2014,3,11,6.743,0.002559,0.001703,6.633,4.796,-0.00609,10.43
2014,3,15,6.57,0.00137,0.000374,6.629,4.792,-0.003853,10.77
2014,3,19,6.104,0.003227,0.001803,6.61,4.782,-0.003466,10.5
2014,3,23,5.989,0.001768,0.0004177,6.614,4.782,-0.003626,10.35
2014,3,27,6.112,0.002421,0.001363,6.62,4.786,-0.0015,10.41
2014,3,31,6.217,0.002552,0.001434,6.619,4.783,-0.001159,10.48
2014,4,4,6.264,0.00185,0.0007886,6.611,4.779,-0.0009617,10.43
2014,4,8,6.229,0.00193,0.0007355,6.608,4.776,-0.00116,10.83
2014,4,12,6.105,0.0008438,-0.0004381,6.607,4.779,-7.192e-06,11.13
2014,4,16,6.076,0.0007673,-0.0004092,6.605,4.784,0.003625,11.01
2014,4,20,6.138,0.0006213,-0.0005112,6.614,4.792,0.005815,10.95
2014,4,24,6.285,0.0007945,-0.0001536,6.626,4.802,0.008381,11.15
2014,4,28,6.292,0.0001792,-0.0006732,6.629,4.805,0.009043,11.42
2014,5,2,6.254,0.0002353,-0.0006324,6.628,4.807,0.006469,12.68
2014,5,6,6.309,0.0006941,-0.0002094,6.628,4.81,0.007018,12.26
2014,5,10,6.179,-6.256e-05,-0.0009912,6.634,4.811,0.007048,12.29
2014,5,14,6.124,-0.0004056,-0.001299,6.645,4.817,0.007807,13.22
2014,5,18,6.263,-0.0008642,-0.001602,6.665,4.833,0.01173,13.78
2014,5,22,6.192,-0.0001043,-0.0008477,6.677,4.842,0.009881,13.58
2014,5,26,6.158,0.0003802,-0.0006083,6.693,4.852,0.00893,13.81
2014,5,30,6.121,0.001086,-7.233e-05,6.703,4.858,0.006851,13.85
2014,6,3,6.151,0.001507,-6.591e-06,6.703,4.863,0.006585,13.53
2014,6,7,6.23,0.003125,0.001164,6.7,4.864,0.002612,13.12
2014,6,11,6.189,0.003148,0.0009391,6.716,4.872,0.001221,13.3
2014,6,15,6.275,0.005044,0.002753,6.714,4.873,0.0003298,13.82
2014,6,19,6.346,0.004082,0.001944,6.727,4.879,-0.002453,14.23
2014,6,23,6.419,0.004497,0.002601,6.741,4.888,-0.001894,14.66
2014,6,27,6.529,0.004242,0.002356,6.755,4.898,0.0003492,15.27
2014,7,1,6.658,0.004395,0.00254,6.781,4.91,-0.001257,15.98
2014,7,5,6.874,0.003541,0.001869,6.816,4.929,0.0008508,15.86
2014,7,9,7.028,0.003635,0.002169,6.841,4.944,0.001557,15.92
2014,7,13,7.061,0.004625,0.003619,6.86,4.954,0.001862,15.47
2014,7,17,7.003,0.004816,0.003691,6.874,4.953,-0.003011,15.59
2014,7,21,7.152,0.00444,0.003278,6.887,4.956,-0.004622,15.97
2014,7,25,7.188,0.005401,0.004138,6.888,4.951,-0.01085,16.26
2014,7,29,7.117,0.002263,0.00125,6.904,4.948,-0.01312,16.17
2014,8,2,7.169,0.002627,0.001638,6.917,4.95,-0.01295,16.22
2014,8,6,7.164,0.002959,0.00206,6.92,4.945,-0.01318,16.48
2014,8,10,7.087,0.003636,0.002211,6.925,4.94,-0.01432,16.48
2014,8,14,7.14,0.003512,0.001796,6.927,4.938,-0.01066,17
2014,8,18,7.183,0.003696,0.001819,6.923,4.927,-0.01084,17.04
2014,8,22,7.104,0.002701,0.0009875,6.929,4.921,-0.009682,17.09
2014,8,26,7.19,0.002126,0.0005029,6.924,4.917,-0.007738,16.79
2014,8,30,7.196,0.00291,0.001236,6.926,4.91,-0.009884,17.44
2014,9,3,7.113,0.003132,0.0009792,6.91,4.9,-0.01108,17.23
2014,9,7,7.221,0.001656,-0.0003526,6.901,4.901,-0.003537,16.82
2014,9,11,7.309,0.002072,2.379e-05,6.903,4.902,-0.005207,16.74
2014,9,15,7.458,0.001892,-3.8e-05,6.904,4.907,-0.002475,16.91
2014,9,19,7.508,0.00223,0.0004968,6.907,4.909,-0.005115,17.13
2014,9,23,7.693,0.0004333,-0.0005173,6.907,4.914,-0.00351,17.08
2014,9,27,7.745,0.0002576,-0.0004025,6.917,4.921,-0.003675,17.03
2014,10,1,7.606,0.0005388,-0.0005768,6.936,4.933,-0.002743,17.01
2014,10,5,7.627,-0.000662,-0.001658,6.951,4.946,0.002358,17.09
2014,10,9,7.78,0.000677,4.012e-05,6.964,4.958,0.002482,17.02
2014,10,13,7.853,0.0019,0.0009598,6.966,4.966,-0.0002704,16.96
2014,10,17,7.963,0.001894,0.0006399,6.998,4.984,0.002248,16.45
2014,10,21,8.109,0.00295,0.001543,7.009,4.985,-0.0001879,16.34
2014,10,25,8.077,0.003151,0.001445,6.991,4.972,-0.00117,15.77
2014,10,29,7.983,0.003762,0.001802,6.979,4.963,-0.002278,15.51
2014,11,2,7.835,0.002673,0.0007722,6.98,4.963,0.0001105,15.27
2014,11,6,7.737,0.003843,0.002084,6.985,4.962,-0.002161,15.3
2014,11,10,7.676,0.004358,0.002586,6.999,4.964,-0.005537,15.08
2014,11,14,7.735,0.003119,0.001487,7.001,4.964,-0.002433,14.46
2014,11,18,7.796,0.002906,0.001252,7,4.963,-0.004316,14.04
2014,11,22,7.97,0.003378,0.001515,7.003,4.968,-0.001398,13.97
2014,11,26,7.949,0.004161,0.001939,7.008,4.966,-0.00255,13.89
2014,11,30,7.975,0.004857,0.002329,7.013,4.967,-0.000838,13.7
2014,12,4,8.032,0.004595,0.002187,7.021,4.969,-0.001977,13.35
2014,12,8,8.246,0.005627,0.003279,7.016,4.962,-0.005657,13.34
2014,12,12,8.398,0.005719,0.00322,7,4.952,-0.007006,13.12
2014,12,16,8.068,0.004254,0.001923,6.995,4.943,-0.005947,12.82
2014,12,20,8.139,0.004059,0.002027,6.982,4.936,-0.005445,12.67
2014,12,24,7.853,0.003238,0.001524,6.977,4.928,-0.004854,12.52
2014,12,28,7.629,0.001424,0.0001096,6.994,4.934,-0.00223,12.61
2015,1,1,7.369,0.00181,0.0005489,7.01,4.937,3.171e-05,12.23
2015,1,5,7.449,0.001927,0.0006928,7.043,4.948,0.001088,12.25
2015,1,9,7.584,0.002859,0.001725,7.077,4.956,-0.001696,12.36
2015,1,13,7.582,0.00303,0.001619,7.107,4.964,-0.001747,12.09
2015,1,17,7.761,0.003522,0.001897,7.122,4.971,-0.0003226,12.02
2015,1,21,7.791,0.004679,0.002894,7.13,4.97,-0.002466,11.89
2015,1,25,7.63,0.003554,0.001568,7.138,4.974,-0.001262,12.17
2015,1,29,7.593,0.004304,0.002273,7.143,4.977,-3.454e-05,12.19
2015,2,2,7.448,0.004276,0.002242,7.137,4.972,-0.002,11.96
2015,2,6,7.62,0.003606,0.001655,7.134,4.973,-0.0008094,12.01
2015,2,10,7.901,0.00574,0.003574,7.124,4.965,-0.002066,12
2015,2,14,7.625,0.005067,0.002783,7.128,4.957,-0.008239,12.14
2015,2,18,7.495,0.004599,0.00233,7.121,4.953,-0.005734,12.35
2015,2,22,7.174,0.005365,0.002819,7.116,4.945,-0.007748,12.25
2015,2,26,7.007,0.005298,0.002884,7.099,4.937,-0.005911,12.05
2015,3,2,6.664,0.005202,0.003057,7.041,4.914,-0.003466,11.77
2015,3,6,6.683,0.003475,0.00136,7.036,4.912,-0.002642,11.59
2015,3,10,6.799,0.003532,0.001572,7.03,4.911,-0.004065,11.61
2015,3,14,6.939,0.003031,0.001311,7.035,4.914,-0.00471,11.72
2015,3,18,6.945,0.002428,0.0006206,7.033,4.911,-0.004597,12.06
2015,3,22,6.92,0.001584,-0.0004711,7.033,4.909,-0.002205,11.99
2015,3,26,7.039,0.001851,-0.0001838,7.035,4.91,-0.0005624,12.11
2015,3,30,6.844,0.001338,-0.0006194,7.021,4.904,-0.0005114,12.24
2015,4,3,6.606,0.0007353,-0.00112,7.011,4.902,0.003145,12.06
2015,4,7,6.556,-0.0006658,-0.002465,6.998,4.901,0.008451,11.92
2015,4,11,6.603,0.0002147,-0.001404,6.988,4.901,0.005006,12.24
2015,4,15,6.342,0.001433,-0.0001636,6.967,4.891,0.0001834,12.25
2015,4,19,6.074,-0.0008443,-0.002516,6.948,4.886,0.0006852,12.15
2015,4,23,5.944,-0.000444,-0.001961,6.939,4.887,0.003159,11.84
2015,4,27,5.976,-0.0004251,-0.001975,6.943,4.892,0.002462,12.29
2015,5,1,6.064,-3.477e-05,-0.00192,6.958,4.897,0.0006629,12.12
2015,5,5,6.206,-0.001376,-0.003095,6.961,4.906,0.003858,12.08
2015,5,9,6.099,-0.0007353,-0.002335,6.949,4.905,0.0007954,12.28
2015,5,13,6.051,-0.00205,-0.003326,6.935,4.906,0.0008418,12.36
2015,5,17,6.168,-0.003882,-0.004619,6.94,4.916,0.001269,12.69
2015,5,21,6.24,-0.004342,-0.004658,6.934,4.922,0.002665,12.81
2015,5,25,6.337,-0.004551,-0.00482,6.93,4.925,0.003835,12.82
2015,5,29,6.5,-0.005401,-0.005703,6.93,4.934,0.005979,13.08
2015,6,2,6.643,-0.005835,-0.0062,6.941,4.946,0.006835,13.29
2015,6,6,6.579,-0.005646,-0.0058,6.959,4.959,0.005476,13.67
2015,6,10,6.665,-0.007288,-0.006881,6.963,4.972,0.007055,13.71
2015,6,14,6.564,-0.007262,-0.00676,6.967,4.98,0.003577,13.26
2015,6,18,6.562,-0.006125,-0.005588,6.964,4.989,0.00172,13.64
2015,6,22,6.625,-0.005891,-0.005155,6.966,4.993,-0.001368,14.37
2015,6,26,6.701,-0.005983,-0.005111,6.966,4.994,-0.002158,15.1
2015,6,30,6.813,-0.005867,-0.004986,6.967,5.001,-3.491e-05,15.48
2015,7,4,6.85,-0.006464,-0.005511,6.96,5.003,-0.0009024,15.48
2015,7,8,6.969,-0.005573,-0.004509,6.957,5.007,-0.0009739,16.27
2015,7,12,7.074,-0.006276,-0.005005,6.961,5.011,-0.003132,16.7
2015,7,16,7.078,-0.005962,-0.00447,6.962,5.012,-0.004936,16.41
2015,7,20,7.079,-0.008478,-0.006422,6.97,5.017,-0.001327,16.46
2015,7,24,7.261,-0.009308,-0.006912,6.972,5.024,-0.000761,16.78
2015,7,28,7.252,-0.008005,-0.005724,6.966,5.024,-0.001834,17.04
2015,8,1,7.336,-0.008808,-0.006439,6.958,5.026,-0.0009188,16.93
2015,8,5,7.412,-0.006213,-0.004348,6.945,5.021,-0.005273,16.84
2015,8,9,7.274,-0.006858,-0.004818,6.938,5.013,-0.008938,16.91
2015,8,13,7.292,-0.007536,-0.005256,6.942,5.012,-0.0102,17.72
2015,8,17,7.208,-0.006555,-0.00448,6.936,5.003,-0.01329,17.36
2015,8,21,7.19,-0.006843,-0.004989,6.928,4.998,-0.01192,17
2015,8,25,7.171,-0.005088,-0.003869,6.923,4.989,-0.01647,17.13
2015,8,29,7.215,-0.005771,-0.004617,6.917,4.986,-0.01491,17.19
2015,9,2,7.248,-0.005501,-0.004293,6.92,4.986,-0.01256,17.24
2015,9,6,7.248,-0.006021,-0.005046,6.933,4.99,-0.009816,17.14
2015,9,10,7.322,-0.007094,-0.006372,6.957,5,-0.005807,17.07
2015,9,14,7.428,-0.007178,-0.006721,6.983,5.015,-0.00184,16.44
2015,9,18,7.578,-0.005247,-0.004925,7.005,5.03,0.001361,16.56
2015,9,22,7.545,-0.004523,-0.004495,7.014,5.032,-0.001083,16.75
2015,9,26,7.57,-0.004147,-0.004492,7.044,5.044,0.0009851,16.53
2015,9,30,7.53,-0.004138,-0.004554,7.048,5.044,-0.0003053,15.99
2015,10,4,7.543,-0.002738,-0.003153,7.044,5.039,-0.002987,16.03
2015,10,8,7.634,-0.004186,-0.004836,7.067,5.051,-0.001286,16.09
2015,10,12,7.78,-0.002431,-0.003083,7.088,5.058,-0.003681,16.15
2015,10,16,7.833,-0.002697,-0.003644,7.109,5.066,-0.002816,16.22
2015,10,20,7.895,-0.0007935,-0.001942,7.118,5.07,-0.002964,16.12
2015,10,24,7.778,-0.001655,-0.002838,7.125,5.069,-0.003479,15.61
2015,10,28,7.925,0.000153,-0.001152,7.138,5.074,-0.003073,15.6
2015,11,1,7.835,0.0006517,-0.0005301,7.134,5.065,-0.007029,15.5
2015,11,5,7.594,0.0008739,-0.0002135,7.126,5.054,-0.00804,15
2015,11,9,7.605,0.0003952,-0.0009014,7.132,5.052,-0.006368,14.88
2015,11,13,7.581,0.001473,-6.997e-05,7.13,5.047,-0.008459,14.48
2015,11,17,7.609,0.001216,-0.0002039,7.113,5.037,-0.007817,13.94
2015,11,21,7.489,0.0005464,-0.001089,7.109,5.033,-0.005797,13.81
2015,11,25,7.45,0.000262,-0.001035,7.091,5.03,-0.0008248,13.39
2015,11,29,7.5,-0.0002974,-0.001443,7.094,5.032,-0.003167,12.95
2015,12,3,7.653,0.0003535,-0.0005525,7.099,5.038,-0.006239,12.7
2015,12,7,7.932,-0.0002402,-0.001121,7.082,5.033,-0.008385,12.7
2015,12,11,7.92,-0.0005733,-0.001963,7.056,5.023,-0.004562,12.54
2015,12,15,7.561,0.0003283,-0.00117,7.043,5.015,-0.003123,12.05
2015,12,19,7.357,-0.000483,-0.002222,7.035,5.009,-0.001846,11.89
2015,12,23,7.347,0.0006566,-0.001225,7.04,5.008,0.0005911,11.71
2015,12,27,7.096,0.001031,-0.0008751,7.042,5.003,-0.001247,11.37
2015,12,31,6.947,0.001079,-0.001062,7.038,5,-0.002402,11.32
2016,1,4,6.966,0.0002178,-0.001977,7.042,5.004,-0.001805,11.1
2016,1,8,7.237,0.001824,-0.0002882,7.049,5.005,-0.00224,11.07
2016,1,12,7.339,0.001854,-0.0002269,7.033,4.99,-0.008274,11.1
2016,1,16,7.405,0.002193,0.0001703,7.006,4.971,-0.01144,11.1
2016,1,20,7.302,0.0001225,-0.001427,6.98,4.953,-0.0124,11.12
2016,1,24,7.258,-0.0003715,-0.00134,6.98,4.944,-0.0105,10.99
2016,1,28,7.086,-0.001255,-0.001808,6.995,4.94,-0.01345,11.14
2016,2,1,6.893,-0.002137,-0.002044,7.005,4.935,-0.01376,11.01
2016,2,5,6.788,-0.002978,-0.002235,7.012,4.929,-0.01485,10.82
2016,2,9,6.809,-0.004587,-0.003819,7.039,4.938,-0.01255,11.3
2016,2,13,6.829,-0.005123,-0.004346,7.064,4.947,-0.01191,11.24
2016,2,17,6.798,-0.005733,-0.004985,7.065,4.944,-0.01223,11.06
2016,2,21,6.921,-0.006247,-0.005407,7.039,4.934,-0.01309,10.94
2016,2,25,6.779,-0.007346,-0.006337,7.03,4.924,-0.016,11.05
2016,2,29,6.822,-0.008285,-0.007015,7.044,4.928,-0.0151,11.08
2016,3,4,6.962,-0.008652,-0.007696,7.05,4.933,-0.01111,11.13
2016,3,8,7.127,-0.008749,-0.008102,7.058,4.937,-0.006239,11.05
2016,3,12,7.105,-0.009228,-0.008238,7.048,4.931,-0.00305,11.01
2016,3,16,7.048,-0.009485,-0.008344,7.05,4.929,-0.002152,11.07
2016,3,20,6.863,-0.01038,-0.009524,7.062,4.931,0.0005624,11.21
2016,3,24,6.747,-0.009276,-0.00833,7.058,4.928,0.002634,11.08
2016,3,28,6.445,-0.007391,-0.006838,7.031,4.908,0.001339,11.21
2016,4,1,6.266,-0.008223,-0.007844,7.029,4.902,0.00134,12.05
2016,4,5,6.251,-0.007064,-0.006927,7.03,4.901,-0.002073,11.93
2016,4,9,6.243,-0.007203,-0.007267,7.036,4.902,-0.003933,12.41
2016,4,13,6.258,-0.006335,-0.006511,7.035,4.903,-0.004642,11.62
2016,4,17,6.228,-0.003675,-0.004185,7.022,4.893,-0.007388,11.86
2016,4,21,6.286,-0.004339,-0.005164,7.017,4.89,-0.005675,12.83
2016,4,25,6.336,-0.002984,-0.004008,7.001,4.882,-0.006167,12.4
2016,4,29,6.075,-0.002569,-0.003723,7.009,4.874,-0.009091,12.2
2016,5,3,6.013,-0.005147,-0.00625,7.009,4.875,-0.004132,12.77
2016,5,7,6.255,-0.004989,-0.005914,7.018,4.881,-0.003809,12.31
2016,5,11,6.389,-0.005449,-0.006136,7.011,4.881,-0.00369,12.7
2016,5,15,6.447,-0.004694,-0.005322,6.996,4.875,-0.004057,13.05
2016,5,19,6.286,-0.005038,-0.005638,6.975,4.863,-0.006764,12.85
2016,5,23,6.255,-0.006164,-0.00658,6.96,4.859,-0.001073,13.38
2016,5,27,6.241,-0.004793,-0.005175,6.941,4.851,-0.004954,13.3
2016,5,31,6.238,-0.005722,-0.005945,6.937,4.85,-0.005083,13.45
2016,6,4,6.326,-0.005796,-0.005928,6.934,4.849,-0.003222,14.57
2016,6,8,6.348,-0.005576,-0.005828,6.941,4.849,-0.003014,14.69
2016,6,12,6.277,-0.004399,-0.004735,6.925,4.839,-0.004695,14.5
2016,6,16,6.368,-0.007297,-0.007516,6.925,4.844,0.001994,14.65
2016,6,20,6.485,-0.006801,-0.006868,6.924,4.848,0.003319,15.2
2016,6,24,6.491,-0.006971,-0.007227,6.931,4.854,0.002951,15.22
2016,6,28,6.503,-0.006957,-0.007418,6.936,4.86,0.003502,15.02
2016,7,2,6.284,-0.0074,-0.00793,6.933,4.865,0.00454,14.86
2016,7,6,6.422,-0.006661,-0.007229,6.941,4.876,0.004455,15
2016,7,10,6.514,-0.00589,-0.006228,6.944,4.882,0.001644,15.56
2016,7,14,6.567,-0.005279,-0.005699,6.929,4.879,-0.001686,15.83
2016,7,18,6.543,-0.006851,-0.007191,6.932,4.885,0.002814,15.57
2016,7,22,6.697,-0.005809,-0.005965,6.937,4.892,0.001363,16.5
2016,7,26,6.784,-0.005903,-0.006179,6.945,4.896,-0.0009203,15.67
2016,7,30,6.89,-0.004428,-0.006077,6.948,4.906,0.0006789,15.26
2016,8,3,6.943,-0.001505,-0.004352,6.931,4.904,-0.0006341,15.18
2016,8,7,7.04,0.0006169,-0.002752,6.933,4.901,-0.003258,15.04
2016,8,11,6.969,-5.408e-05,-0.003279,6.924,4.893,-0.00259,15.33
2016,8,15,7.289,-0.001465,-0.004848,6.927,4.899,-0.001802,15.15
2016,8,19,7.193,-0.001656,-0.00548,6.92,4.895,-0.002495,15.54
2016,8,23,7.293,-0.001574,-0.005462,6.895,4.888,-0.002611,15.57
2016,8,27,7.316,-0.001992,-0.005687,6.89,4.887,-0.001651,15.93
2016,8,31,7.315,-0.002538,-0.006187,6.908,4.894,-0.002273,16.24
2016,9,4,7.053,-0.00307,-0.006715,6.907,4.889,-0.005282,16.21
2016,9,8,7.034,-0.004905,-0.008236,6.912,4.895,-0.002983,16.22
2016,9,12,7.128,-0.006205,-0.009067,6.909,4.896,-0.002343,15.8
2016,9,16,7.225,-0.006225,-0.008555,6.897,4.892,-0.003107,15.95
2016,9,20,7.281,-0.005579,-0.008269,6.89,4.891,-0.004282,15.91
2016,9,24,7.252,-0.00646,-0.00911,6.888,4.89,-0.003148,15.82
2016,9,28,7.316,-0.006935,-0.009439,6.884,4.889,-0.00388,15.65
2016,10,2,7.355,-0.006332,-0.008194,6.876,4.889,-0.003527,15.01
2016,10,6,7.377,-0.004826,-0.006585,6.873,4.884,-0.005508,15.02
2016,10,10,7.199,-0.004853,-0.006481,6.874,4.879,-0.005568,15.34
2016,10,14,7.297,-0.004141,-0.005493,6.875,4.881,-0.003731,14.92
2016,10,18,7.473,-0.003241,-0.004889,6.862,4.872,-0.005111,14.68
2016,10,22,7.206,-0.004104,-0.005726,6.86,4.869,-0.007079,14.65
2016,10,26,7.287,-0.005248,-0.006726,6.868,4.879,-0.000323,14.47
2016,10,30,7.375,-0.004443,-0.005485,6.885,4.887,6.778e-05,14.36
2016,11,3,7.456,-0.003545,-0.00446,6.892,4.894,-0.001717,14.33
2016,11,7,7.453,-0.002996,-0.00389,6.916,4.906,-0.001098,14.3
2016,11,11,7.387,-0.001623,-0.002698,6.941,4.917,0.0003824,14.26
2016,11,15,7.396,-0.001259,-0.002582,6.953,4.925,0.002274,14.27
2016,11,19,7.301,-0.000579,-0.001656,6.959,4.926,0.001811,13.87
2016,11,23,7.452,-0.0008335,-0.001748,6.958,4.925,0.001245,13.55
2016,11,27,7.462,-0.0003343,-0.00132,6.938,4.915,0.0009117,13.2
2016,12,1,7.028,-0.0006487,-0.00162,6.932,4.907,-0.003159,12.86
2016,12,5,6.723,-0.0007052,-0.001697,6.934,4.907,-0.004637,12.44
2016,12,9,6.741,8.53e-05,-0.001129,6.931,4.906,-0.003408,12.14
2016,12,13,6.79,0.0007293,-0.0008584,6.931,4.905,-0.004108,11.91
2016,12,17,6.847,0.000371,-0.001481,6.929,4.905,-0.003721,11.52
2016,12,21,6.852,-0.001306,-0.002993,6.937,4.91,-0.002951,11.35
2016,12,25,6.947,-0.001856,-0.003228,6.941,4.918,-0.0002932,11.1
2016,12,29,7.082,-0.001128,-0.002558,6.956,4.929,-0.003961,11.03
2017,1,2,7.046,-6.273e-05,-0.001298,6.953,4.931,-0.003542,10.87
2017,1,6,7.168,-0.001106,-0.002244,6.949,4.931,-0.003036,10.45
2017,1,10,7.45,-0.001286,-0.002559,6.95,4.94,-0.004148,10.37
2017,1,14,7.45,-0.0008913,-0.002345,6.94,4.936,-0.006779,10.23
2017,1,18,7.458,-0.001707,-0.002969,6.957,4.943,-0.005123,10.16
2017,1,22,7.466,-0.0008085,-0.002162,6.955,4.943,-7.271e-05,10.2
2017,1,26,7.278,-0.001323,-0.002919,6.97,4.946,-0.00358,10.09
2017,1,30,7.214,-0.0007852,-0.002536,7.003,4.958,-0.006752,10.04
2017,2,3,7.24,-0.001455,-0.003197,7.007,4.96,-0.004739,10.04
2017,2,7,7.388,-0.001146,-0.002854,6.986,4.952,-0.00632,9.986
2017,2,11,7.438,-0.001194,-0.003275,6.975,4.948,-0.006794,10.1
2017,2,15,7.227,-0.001343,-0.003484,6.999,4.951,-0.007481,10.15
2017,2,19,7.129,-0.001563,-0.003714,7.001,4.954,-0.003417,10.18
2017,2,23,7.205,-0.001333,-0.003458,6.999,4.957,-0.002677,10.02
2017,2,27,6.969,0.0004247,-0.001564,6.996,4.951,-0.00536,9.904
2017,3,3,6.868,-0.0004765,-0.002496,7.005,4.955,-0.006241,9.858
2017,3,7,6.864,-0.0003192,-0.002499,7.006,4.958,-0.003071,9.702
2017,3,11,6.854,2.275e-05,-0.001971,7.01,4.958,-0.005735,9.53
2017,3,15,6.778,0.0002297,-0.001782,7.023,4.965,-0.006198,10.08
2017,3,19,6.759,0.0002557,-0.001694,7.031,4.968,-0.007108,10.13
2017,3,23,6.796,0.0001735,-0.001878,7.022,4.967,-0.007361,10.2
2017,3,27,6.873,0.0009121,-0.001256,7.013,4.961,-0.01055,10.21
2017,3,31,6.628,0.00142,-0.0008327,6.998,4.947,-0.01117,10.3
2017,4,4,6.345,-0.0002766,-0.002583,7.004,4.948,-0.008805,10.37
2017,4,8,6.535,-0.0005281,-0.002729,7.008,4.958,-0.0004304,10.27
2017,4,12,6.64,0.0007617,-0.001402,7.01,4.961,-0.001961,10.24
2017,4,16,6.621,0.0006849,-0.001169,7.011,4.96,-0.004727,10.37
2017,4,20,6.62,5.068e-05,-0.001847,7.021,4.965,-0.005357,10.77
2017,4,24,6.586,0.0009403,-0.0009506,7.022,4.962,-0.00619,10.96
2017,4,28,6.51,-0.0002844,-0.001962,7.019,4.961,-0.005997,11.28
2017,5,2,6.398,-0.001177,-0.002729,7.029,4.967,-0.003126,11.52
2017,5,6,6.479,3.365e-06,-0.001681,7.051,4.981,0.0004496,11.62
2017,5,10,6.33,-0.001053,-0.002904,7.063,4.984,0.001228,11.65
2017,5,14,6.484,0.000884,-0.0009532,7.064,4.992,0.00135,11.76
2017,5,18,6.481,0.0003232,-0.001416,7.06,4.988,-0.004282,12.11
2017,5,22,6.607,0.002138,-0.0008053,7.037,4.975,-0.00101,11.79
2017,5,26,6.991,-0.000727,-0.0032,7.048,4.997,-0.001092,12.17
2017,5,30,6.841,8.75e-05,-0.002343,7.037,4.994,-0.001205,12.78
2017,6,3,6.73,0.001177,-0.001244,7.033,4.993,-0.003061,13.32
2017,6,7,6.629,0.0002544,-0.002232,7.046,4.998,-0.002168,13.39
2017,6,11,6.831,-0.0003162,-0.002873,7.059,5.011,0.002076,13.58
2017,6,15,6.879,0.0007852,-0.001836,7.081,5.022,0.002452,13.64
2017,6,19,6.97,0.001438,-0.002189,7.124,5.04,0.005533,14.28
2017,6,23,6.736,0.001805,-0.002351,7.158,5.055,0.007304,14.35
2017,6,27,6.879,0.004557,0.0003265,7.173,5.067,0.007472,15.43
2017,7,1,7.075,0.005538,0.001199,7.19,5.075,-0.000131,14.46
2017,7,5,7.086,0.003061,-0.001252,7.216,5.092,0.002867,14.59
2017,7,9,7.248,0.00463,0.0005512,7.253,5.107,0.002377,14.98
2017,7,13,7.19,0.004063,1.177e-08,7.26,5.115,0.002175,15.22
2017,7,17,7.098,0.004622,0.0008783,7.271,5.121,0.0004414,15.53
2017,7,21,7.116,0.004418,0.0007295,7.282,5.125,-0.0006217,16.3
2017,7,25,7.231,0.003409,-3.294e-05,7.314,5.135,-0.003187,15.75
2017,7,29,7.122,0.002137,-0.000816,7.332,5.138,-0.002185,15.77
2017,8,2,7.186,0.0009254,-0.001533,7.346,5.145,-0.002943,16.44
2017,8,6,7.218,0.001379,-0.0008994,7.346,5.144,-0.0024,17.46
2017,8,10,7.268,0.0017,-0.0006695,7.358,5.149,-0.003402,16.33
2017,8,14,7.265,0.001742,-0.0009199,7.36,5.149,-0.003213,16.44
2017,8,18,7.188,0.000902,-0.001661,7.369,5.154,-0.002696,16.32
2017,8,22,7.207,-0.0001501,-0.002023,7.388,5.165,-0.001855,15.81
2017,8,26,7.323,0.0007877,-0.0008935,7.407,5.171,-0.004193,16.33
2017,8,30,7.354,-0.0003434,-0.001692,7.402,5.17,-0.002973,16.99
2017,9,3,7.359,-0.001782,-0.00301,7.413,5.173,-0.00218,17.04
2017,9,7,7.468,-0.001666,-0.002933,7.426,5.178,-9.053e-05,17.45
2017,9,11,7.412,-8.111e-05,-0.001504,7.426,5.174,-0.005204,17.03
2017,9,15,7.387,-0.001473,-0.002605,7.423,5.169,-0.006254,16.62
2017,9,19,7.36,-0.0008852,-0.001873,7.408,5.159,-0.006461,16.55
2017,9,23,7.303,-0.000856,-0.00162,7.385,5.144,-0.0061,16.16
2017,9,27,7.235,-0.001773,-0.002485,7.383,5.14,-0.006531,16.36
2017,10,1,7.223,-4.561e-05,-0.000847,7.364,5.126,-0.009447,16.27
2017,10,5,7.034,-0.0005842,-0.001597,7.345,5.113,-0.01207,15.92
2017,10,9,7.002,-0.0001146,-0.001143,7.323,5.104,-0.01197,15.46
2017,10,13,7.059,-0.0007279,-0.001855,7.275,5.085,-0.01069,14.96
2017,10,17,7.112,-0.002187,-0.003391,7.248,5.072,-0.01127,14.64
2017,10,21,7.269,-0.0008433,-0.002211,7.249,5.073,-0.01082,14.25
2017,10,25,7.227,-0.001051,-0.002699,7.241,5.064,-0.01093,14.7
2017,10,29,7.112,-0.00144,-0.002906,7.223,5.057,-0.005721,14.56
2017,11,2,7.124,-0.001249,-0.002741,7.206,5.05,-0.003324,13.98
2017,11,6,7.193,1.15e-05,-0.001604,7.183,5.042,-0.001751,13.26
2017,11,10,7.277,0.0004951,-0.001215,7.167,5.035,-0.001786,13.11
2017,11,14,7.287,0.0004722,-0.001285,7.145,5.021,-0.002359,12.97
2017,11,18,7.157,0.0001955,-0.001842,7.132,5.014,-0.00259,12.69
2017,11,22,7.123,0.0002499,-0.001601,7.136,5.017,-0.001101,12.7
2017,11,26,7.162,0.0005179,-0.001267,7.15,5.023,0.00109,12.71
2017,11,30,7.114,0.00157,-0.000413,7.157,5.025,0.001806,12.41
2017,12,4,6.998,0.001522,-0.000573,7.169,5.028,0.001898,12.38
2017,12,8,6.998,0.0006541,-0.001676,7.183,5.037,0.002182,12.23
2017,12,12,7.075,0.001309,-0.001053,7.2,5.046,0.0009856,12.11
2017,12,16,6.968,0.001838,-0.0008199,7.197,5.043,-0.0004303,11.74
2017,12,20,6.848,0.001596,-0.001161,7.197,5.043,0.002703,11.54
2017,12,24,6.906,0.002435,-0.0004337,7.192,5.043,0.002342,11.31
2017,12,28,7.017,0.002401,-0.0004772,7.197,5.049,0.001718,11.19
2018,1,1,7.074,0.002782,-0.000149,7.198,5.051,0.001668,11.2
2018,1,5,7.147,0.002587,-3.844e-05,7.185,5.053,0.002808,11.31
2018,1,9,7.197,0.004037,0.001277,7.181,5.053,0.000947,11.22
2018,1,13,7.089,0.00404,0.001407,7.18,5.052,-0.001255,11.33
2018,1,17,6.973,0.003595,0.001101,7.182,5.053,-0.00337,11.31
2018,1,21,7.027,0.004682,0.002184,7.186,5.056,-0.005121,11.02
2018,1,25,6.99,0.005021,0.002421,7.192,5.058,-0.004192,10.8
2018,1,29,6.811,0.005454,0.002702,7.196,5.06,-0.005071,10.75
2018,2,2,6.674,0.004842,0.001912,7.202,5.066,-0.003898,10.52
2018,2,6,6.684,0.004806,0.001894,7.222,5.075,-0.00359,10.21
2018,2,10,6.817,0.005091,0.002379,7.244,5.083,-0.00563,10.99
2018,2,14,6.576,0.004961,0.002331,7.24,5.08,-0.007747,10.85
2018,2,18,6.503,0.004932,0.002177,7.224,5.078,-0.008003,10.39
2018,2,22,6.273,0.004162,0.001361,7.185,5.06,-0.006118,9.935
2018,2,26,6.195,0.003563,0.0008795,7.167,5.051,-0.00798,9.708
2018,3,2,6.372,0.002653,-4.638e-06,7.15,5.047,-0.003536,9.64
2018,3,6,6.586,0.003027,0.0002988,7.129,5.041,-0.005105,9.787
2018,3,10,6.661,0.003353,0.0004801,7.13,5.041,-0.003664,9.949
2018,3,14,6.653,0.00303,0.0001905,7.125,5.04,-0.001565,10.05
2018,3,18,6.697,0.003089,0.0004339,7.117,5.035,-0.0009322,9.94
2018,3,22,6.64,0.00206,-0.0003844,7.106,5.029,-0.0008674,10.09
2018,3,26,6.701,0.002555,0.0003734,7.093,5.022,-0.001349,9.853
2018,3,30,6.398,0.002036,5.067e-05,7.089,5.014,-0.005691,10.06
2018,4,3,6.198,0.002495,0.0006301,7.089,5.012,-0.008154,10.07
2018,4,7,6.269,0.002999,0.001079,7.089,5.013,-0.009183,10.07
2018,4,11,6.37,0.004181,0.002105,7.085,5.011,-0.01011,10.17
2018,4,15,6.355,0.003648,0.001505,7.076,5.004,-0.009738,10.12
2018,4,19,6.307,0.002208,0.0001711,7.075,5.002,-0.008106,10.5
2018,4,23,6.21,0.00109,-0.0008783,7.086,5.005,-0.007216,10.58
2018,4,27,6.29,0.0004051,-0.001414,7.101,5.014,-0.0004292,11.01
2018,5,1,6.351,0.002086,0.0001877,7.107,5.014,-0.002367,11.2
2018,5,5,6.28,0.0007977,-0.001214,7.114,5.014,-0.000747,11.25
2018,5,9,6.422,0.002165,4.305e-05,7.123,5.019,-3.892e-05,11.94
2018,5,13,6.28,0.002334,-0.0002364,7.133,5.017,-0.0003391,12.24
2018,5,17,6.405,0.002705,0.0001248,7.145,5.025,0.002876,12.82
2018,5,21,6.393,0.00412,0.001559,7.149,5.022,-0.003497,12.82
2018,5,25,6.47,0.00179,-0.0006552,7.163,5.027,-0.004231,12.96
2018,5,29,6.427,0.002995,0.0005864,7.158,5.025,-0.006574,12.99
2018,6,2,6.395,0.001368,-0.0008678,7.163,5.029,-0.006225,13.2
2018,6,6,6.436,0.001642,-0.0006927,7.171,5.033,-0.006641,13.34
2018,6,10,6.458,0.002153,-0.0002083,7.173,5.033,-0.005015,13.74
2018,6,14,6.373,0.002254,-0.0001729,7.173,5.029,-0.006258,14.21
2018,6,18,6.305,0.0009187,-0.001533,7.178,5.033,-0.001946,14.38
2018,6,22,6.636,0.002175,-0.0002406,7.193,5.041,-0.001227,15.12
2018,6,26,6.678,0.0005573,-0.001723,7.195,5.043,-0.003709,14.77
2018,6,30,6.688,0.001222,-0.001115,7.206,5.052,-0.00273,14.88
2018,7,4,6.74,0.0008969,-0.001487,7.213,5.057,-0.002819,15.06
2018,7,8,6.923,0.002958,0.0004832,7.215,5.063,-0.004448,15.84
2018,7,12,6.949,0.002589,-2.318e-05,7.203,5.058,-0.005828,15.72
2018,7,16,7.173,0.002181,-0.0001061,7.208,5.064,-0.002953,15.71
2018,7,20,7.098,0.003069,0.000684,7.215,5.062,-0.007461,15.39
2018,7,24,7.115,0.003134,0.0008097,7.207,5.062,-0.006898,15.32
2018,7,28,7.238,0.004683,0.002455,7.214,5.062,-0.01048,15.21
2018,8,1,7.274,0.004509,0.001999,7.238,5.069,-0.008234,16.03
2018,8,5,7.029,0.003935,0.001386,7.232,5.064,-0.007539,16.56
2018,8,9,7.04,0.003225,0.001002,7.249,5.07,-0.007888,17.1
2018,8,13,7.026,0.002977,0.0009115,7.253,5.07,-0.008994,17.04
2018,8,17,7.133,0.002607,0.0006839,7.261,5.076,-0.008253,16.6
2018,8,21,7.112,0.003333,0.001299,7.253,5.075,-0.007679,16.43
2018,8,25,7.238,0.003375,0.001256,7.246,5.07,-0.007926,16.14
2018,8,29,7.297,0.002778,0.000563,7.255,5.073,-0.008325,16.15
2018,9,2,7.339,0.002992,0.0009388,7.25,5.066,-0.009321,16.2
2018,9,6,7.277,-2.39e-05,-0.001808,7.255,5.069,-0.005535,15.78
2018,9,10,7.351,0.001759,0.0001756,7.267,5.072,-0.005737,16.39
2018,9,14,7.165,0.001139,-0.0004077,7.255,5.064,-0.004718,16.47
2018,9,18,7.189,0.001797,0.0003136,7.253,5.066,-0.006153,16.29
2018,9,22,6.999,0.0008454,-0.0003966,7.262,5.065,-0.008113,16.05
2018,9,26,7.048,0.0006337,-0.0006001,7.265,5.067,-0.005946,15.78
2018,9,30,7.105,0.0008118,-0.0001929,7.253,5.061,-0.004753,15.78
2018,10,4,7.28,6.927e-05,-0.000933,7.241,5.06,-0.005796,15.63
2018,10,8,7.256,0.002351,0.0008593,7.24,5.062,-0.005934,15.29
2018,10,12,7.112,0.001708,-0.0003533,7.25,5.065,-0.00482,15.08
2018,10,16,7.356,0.001953,1.623e-05,7.256,5.074,-0.002836,14.9
2018,10,20,7.437,0.00236,0.0005923,7.251,5.073,-0.004768,14.72
2018,10,24,7.462,0.001863,5.784e-05,7.25,5.07,-0.004238,14.51
2018,10,28,7.458,0.002187,0.000386,7.24,5.064,-0.00305,14.44
2018,11,1,7.322,0.003043,0.001103,7.238,5.059,-0.004704,14.47
2018,11,5,7.053,0.003085,0.0007726,7.224,5.052,-0.004015,14.56
2018,11,9,6.999,0.001938,-0.0003295,7.217,5.054,-0.003895,13.93
2018,11,13,7.167,0.001946,-0.0002747,7.225,5.065,-0.002898,13.5
2018,11,17,7.285,0.003054,0.0009235,7.228,5.068,-0.006269,13.43
2018,11,21,7.382,0.002099,-1.852e-06,7.234,5.071,-0.003878,13.21
2018,11,25,7.464,0.002739,0.0002865,7.245,5.075,-0.002827,12.93
2018,11,29,7.383,0.003365,0.000609,7.245,5.075,-0.002888,12.92
2018,12,3,7.341,0.003271,0.0006061,7.248,5.074,-0.001548,12.66
2018,12,7,7.338,0.002379,-0.0003031,7.27,5.081,0.0002208,12.31
2018,12,11,7.505,0.003921,0.0009974,7.289,5.091,0.002133,12.16
2018,12,15,7.581,0.00461,0.001084,7.307,5.101,0.003408,11.97
2018,12,19,7.755,0.005592,0.002122,7.315,5.108,0.002792,11.92
2018,12,23,7.592,0.006238,0.002763,7.315,5.103,0.0002641,11.78
2018,12,27,7.275,0.008036,0.004556,7.307,5.091,-0.00394,11.6
