year,month,MLD_90_180,MLD_0_180,MLD_0_90,MLD_30_130,MLD_180_550,T_90_180,T_0_180,T_0_90,T_30_130,T_180_550,XV_90_180,XV_0_180,XV_0_90,XV_30_130,XV_180_550,YV_90_180,YV_0_180,YV_0_90,YV_30_130,YV_180_550
1993,1,17.796854,15.543549,13.045319,14.076835,30.678005,9.733432,9.631847,9.4422455,9.625433,9.283022,-0.0031505174,-0.002379157,-0.00070942525,-0.00060542626,-0.006360759,0.08408716,0.07612077,0.05887627,0.0680955,0.105920434
1993,2,14.715216,13.654377,12.478229,12.509851,25.596306,9.744506,9.666722,9.521537,9.676047,9.38456,-0.0025404554,-0.0024990472,-0.0024094132,-0.0025405195,-0.0040832097,0.029087266,0.027771804,0.024924235,0.024989707,0.03441475
1993,3,10.967158,10.191119,9.330729,9.633642,17.657774,9.791119,9.742592,9.652008,9.765283,9.319703,-0.00069144764,-0.00032826222,0.00045791196,0.001229811,-0.0028184322,0.034481093,0.03342301,0.031132635,0.029541023,0.030814255
1993,4,8.853247,7.933027,6.9127827,7.571263,13.099093,10.223026,10.307956,10.466479,10.392898,9.471045,0.0006753512,-0.00030590326,-0.0024299822,-0.0007453155,0.0026090683,0.015122141,0.023434209,0.04142699,0.026438022,-0.0063963197
1993,5,6.746342,6.3916473,5.9983983,6.3298144,7.450936,10.578097,10.809655,11.241861,10.968482,9.667977,0.0012634487,0.0007280814,-0.0004308058,0.00063278776,0.0006676816,-0.020942517,-0.015570197,-0.0039409627,-0.012727032,-0.017948901
1993,6,6.3689256,6.1436143,5.8938136,6.082942,7.314671,10.832736,11.101207,11.60231,11.261606,10.038586,-0.0023693785,-0.0012748718,0.0010943623,-0.00091801793,-0.00054331805,-0.06976324,-0.061903168,-0.044888746,-0.05837662,-0.053693287
1993,7,6.3891907,6.197807,5.98562,6.2072887,7.2538333,9.338512,9.436222,9.618603,9.477272,9.313677,-0.0068941796,-0.0037925788,0.0029213228,-0.0006712936,-0.002080902,-0.117975175,-0.10686701,-0.08282167,-0.09764188,-0.09083008
1993,8,6.283788,6.011553,5.709727,5.9518805,7.0020456,9.134649,9.250754,9.4674635,9.300127,9.296967,-0.001000638,-0.0005525947,0.00041726307,-0.0020154421,-0.0020136896,-0.060094018,-0.057029046,-0.050394475,-0.057297528,-0.054203272
1993,9,6.4282713,6.1827183,5.910476,6.1404724,7.2525096,9.130332,9.136886,9.149129,9.1308775,9.224802,-0.00326779,-0.0016764174,0.0017683555,-0.0015989986,-0.0065541593,-0.051890187,-0.046285808,-0.034154195,-0.041637268,-0.025724124
1993,10,6.6094346,6.391218,6.149283,6.3243036,7.603675,9.449967,9.514499,9.634946,9.583613,9.304795,0.002160702,0.002653602,0.0037205606,0.0036391504,-0.003956089,-0.00046137412,0.0009892974,0.004129509,0.00010067257,0.009530435
1993,11,10.912707,10.289318,9.598166,10.253153,11.907183,9.263668,9.274731,9.295377,9.2961445,9.190238,-0.00086277735,-0.001082756,-0.0015589345,-0.0016144629,0.0016526537,-0.003833175,-0.0011385437,0.0046944176,-0.00079319446,-0.0036002079
1993,12,14.81065,13.49033,12.026497,12.877071,21.332155,9.5541525,9.501865,9.404267,9.521541,9.165334,0.0009974665,0.00024171956,-0.0013942138,0.0012580411,-0.0009508773,0.086077996,0.08397916,0.07943589,0.082458325,0.07397829
1994,1,13.901467,12.188767,10.289904,11.249275,21.608355,9.811298,9.740887,9.609455,9.757411,9.3745775,-0.0033692794,-0.0025633627,-0.00081882864,-5.4024495e-05,-0.0002780449,0.06329764,0.057865776,0.046107672,0.05155641,0.06040114
1994,2,17.968369,15.623107,13.022928,14.440674,25.021267,9.663584,9.600788,9.4835825,9.620446,9.253836,0.00017939549,0.00073782896,0.0019466478,0.0020747574,0.0020537549,0.043087516,0.041249372,0.037270382,0.037554044,0.026729155
1994,3,12.0883045,10.698793,9.158248,10.048928,15.794814,9.644076,9.643944,9.643699,9.67977,9.143501,-0.0020916613,-0.001333726,0.0003069459,-0.00021966711,-0.0009388306,0.004655856,0.00662991,0.010903064,0.0067711845,-0.0032821726
1994,4,8.559084,8.062431,7.5117936,8.000164,8.883238,9.630349,9.72203,9.893156,9.802569,9.050831,0.00079294725,0.0010946936,0.0017478709,0.0012048702,-8.695075e-06,-0.06989202,-0.063030265,-0.04817691,-0.059372496,-0.06688116
1994,5,6.4191175,6.2504044,6.0633516,6.2762656,6.7078624,9.507106,9.664987,9.959673,9.76019,8.965081,0.0011080356,0.0015643405,0.0025520842,0.001464265,-0.002688766,-0.098190814,-0.08725326,-0.063577235,-0.08006271,-0.08663337
1994,6,6.3078127,6.189729,6.058811,6.218135,6.977724,9.505698,9.766867,10.254337,9.897893,9.024734,-0.0051913057,-0.0025241897,0.0032492024,-0.0021742014,0.0021731248,-0.10597081,-0.098272786,-0.08160915,-0.0956356,-0.07954214
1994,7,6.7562156,6.388843,5.981539,6.2972875,7.2695565,8.696188,8.770327,8.908706,8.803183,8.701001,-0.00704354,-0.0040872423,0.0023121426,-0.0019623993,-0.0022048296,-0.109328054,-0.10191026,-0.085853375,-0.09622632,-0.09270588
1994,8,5.557172,5.472,5.37757,5.456102,6.1995792,9.130946,9.258381,9.496233,9.294508,9.193487,0.0016391458,0.0001332445,-0.0031265167,-0.001676568,0.0019867895,-0.063607804,-0.059609815,-0.050955553,-0.060331192,-0.052288536
1994,9,5.8696647,5.698055,5.507791,5.6331496,7.4843063,9.1705065,9.2576475,9.4203005,9.263996,9.258199,-0.0022134567,-0.0019867902,-0.0014961364,-0.0031988425,-0.0032966312,-0.04231075,-0.03339047,-0.014081117,-0.026682276,-0.014167942
1994,10,7.4794226,7.3145995,7.131861,7.307893,9.066792,9.215756,9.281388,9.403894,9.329965,9.021641,0.0032270139,0.0030645614,0.0027129075,0.0034371794,0.00021613082,-0.022178568,-0.014372692,0.002524377,-0.012835622,-0.005829128
1994,11,14.270012,12.619546,10.7896805,11.6269655,19.830267,9.605962,9.771794,10.081324,9.911479,8.950115,0.0008546304,0.0006404598,0.00017685434,-9.052745e-05,0.003786669,0.031320337,0.038666002,0.05456688,0.041470166,0.013721007
1994,12,16.63871,13.929483,10.925777,12.559134,26.15679,9.248408,9.27169,9.315145,9.330657,8.769122,-0.0013036693,-0.0006724123,0.0006940435,0.0011517062,-0.0018462983,0.11774301,0.11084245,0.09590497,0.10395342,0.10639634
1995,1,15.678749,13.332665,10.731573,11.960259,26.18993,9.578668,9.493564,9.334718,9.490223,9.216022,0.00048706532,0.0016108509,0.004043464,0.0040337504,-0.003952857,0.13586165,0.12083112,0.0882951,0.10667084,0.15167087
1995,2,10.016643,9.247605,8.394976,8.769669,14.244417,9.954866,9.904344,9.810057,9.915806,9.447936,-0.006255119,-0.004477827,-0.0006305956,-0.004346116,-0.005399985,0.03013488,0.02875048,0.02575372,0.023496874,0.039659344
1995,3,12.015649,10.605227,9.041498,9.7746,18.635899,10.057746,10.043454,10.016775,10.082223,9.438175,-0.0026582596,-0.0017186712,0.00031521718,-3.311752e-05,0.000117494164,0.0628483,0.057819176,0.04693287,0.050134078,0.06173425
1995,4,7.8796854,7.4160647,6.9020505,7.3371663,8.6782055,9.856662,9.973003,10.190153,10.070718,9.180363,0.0006703981,0.0006317845,0.0005481986,3.119956e-05,0.0006172038,-0.074114084,-0.06397335,-0.0420221,-0.058964264,-0.079510674
1995,5,6.5475883,6.335646,6.1006675,6.328023,7.2275963,9.34502,9.486443,9.7504,9.575993,8.824436,-0.004981812,-0.0039338656,-0.0016654205,-0.0041523348,-0.0048472947,-0.1205699,-0.108861536,-0.083516896,-0.1017424,-0.09495602
1995,6,6.278259,6.0453615,5.787149,5.987768,7.3833036,9.07464,9.25451,9.590228,9.351515,8.7412615,-0.008220981,-0.005833151,-0.00066432514,-0.0068765315,-0.002920968,-0.10432339,-0.09413357,-0.07207599,-0.09027044,-0.08179555
1995,7,5.537554,5.4248796,5.2999578,5.4016995,5.978823,9.03627,9.1656,9.406987,9.225673,8.904399,-0.0064917663,-0.0052437643,-0.002542266,-0.0043618837,-1.4426176e-05,-0.06283497,-0.05755001,-0.046109863,-0.056389887,-0.055544686
1995,8,6.2002463,5.97496,5.725186,5.9416323,6.9783177,8.619104,8.719123,8.905804,8.770516,8.619552,-0.014275344,-0.010805696,-0.0032951008,-0.007762622,0.0041188095,-0.065560386,-0.058598813,-0.043529343,-0.058518894,-0.06190019
1995,9,5.6723585,5.57329,5.4634542,5.5288095,6.2518525,9.019669,9.21526,9.580337,9.276052,8.905481,-0.0048444234,-0.005684368,-0.007502558,-0.0058816574,0.0015950084,-0.011990114,-0.010319636,-0.0067036343,-0.00866014,-0.0127768135
1995,10,6.912014,6.523231,6.0921884,6.417166,8.590361,9.201659,9.467507,9.963714,9.559635,8.935741,-0.00077515934,-0.0009616653,-0.0013653868,-0.00040392234,-0.0029065397,-0.018659025,-0.011704179,0.0033506935,-0.005476127,-0.0031452405
1995,11,9.9023285,9.169244,8.356477,8.860469,12.998702,9.440981,9.64657,10.030307,9.779231,8.911747,0.0046721995,0.0043498985,0.003652224,0.00560027,-1.35308355e-05,0.045426786,0.049593985,0.058614515,0.052172683,0.023548411
1995,12,11.852928,10.382806,8.75289,9.631156,20.314001,10.675228,10.794063,11.0158615,10.94055,9.507604,0.0016038215,0.0008256205,-0.0008589201,0.00079449615,-0.0027440034,0.11029102,0.103087574,0.087494515,0.097530685,0.09223468
1996,1,9.777812,8.717207,7.5413203,8.374029,15.382325,10.459326,10.525466,10.648922,10.630755,9.391059,0.0023589323,0.0013751523,-0.00075439806,0.0019089684,-0.0012035172,0.018953692,0.021379583,0.026630813,0.021750636,0.020246694
1996,2,10.201584,9.491416,8.704055,8.932029,14.729806,10.060544,10.062755,10.066892,10.14946,9.080252,-0.0011433688,-1.6611975e-05,0.0024224347,0.00071852404,-0.0018230769,0.104715206,0.095550105,0.07571078,0.085090205,0.0997561
1996,3,7.465387,7.2235336,6.95539,7.1738844,8.583768,9.7684765,9.832888,9.953115,9.916402,9.012703,0.00077583536,0.0017940322,0.003998082,0.0023507376,-0.0021086654,-0.03979083,-0.039156843,-0.037784476,-0.040653218,-0.011519438
1996,4,9.840124,8.745559,7.5320196,8.354494,12.56436,9.790585,9.944458,10.231659,10.061519,8.99205,0.0015011781,0.000109299486,-0.0029036412,-0.00058057165,0.0020864138,0.0035274117,0.013712817,0.035760738,0.017048398,-0.0040991292
1996,5,7.981171,7.696386,7.380647,7.8119245,8.002448,9.521969,9.700155,10.032742,9.8001375,8.971951,1.7480002e-05,0.0011166254,0.0034958983,0.0018850962,-0.0037818076,-0.10188583,-0.0930188,-0.07382471,-0.089220226,-0.06464212
1996,6,6.151181,6.0790024,5.998978,6.177127,6.6720695,8.638176,8.730868,8.903883,8.780365,8.613219,-0.0049702977,-0.0013729223,0.00641417,-0.00012747468,0.0011460092,-0.14728503,-0.13371782,-0.104349524,-0.12694556,-0.1219615
1996,7,6.240287,6.0377827,5.813266,5.996054,7.0448704,8.348268,8.411079,8.528315,8.456677,8.464465,-0.005532338,-0.0037946415,-3.3126882e-05,-0.0039788797,-0.0038191925,-0.078160256,-0.071457885,-0.056949522,-0.06855802,-0.06706854
1996,8,6.319019,6.069487,5.792832,6.0290923,6.789535,8.352807,8.36428,8.385689,8.361629,8.4445915,-0.004091739,-0.0039962847,-0.0037896582,-0.007016804,-0.0028112447,-0.044099562,-0.040020768,-0.031191558,-0.040904995,-0.04378536
1996,9,6.047284,5.8400607,5.610313,5.7738376,6.9113817,8.833141,8.950123,9.168462,9.000676,8.703636,-0.0017362443,-0.0014722977,-0.0009009386,-0.0016413586,0.0006119162,-0.02314866,-0.015864456,-9.663989e-05,-0.011878926,-0.023895515
1996,10,8.044256,7.592667,7.0919905,7.408746,9.987764,9.274902,9.480751,9.864966,9.602789,8.876442,-0.0008968404,-0.0007201814,-0.00033777527,-0.0014940383,0.0017049266,0.0014325578,0.011073985,0.031944383,0.0145811355,0.0060245576
1996,11,8.132153,7.53034,6.863114,7.3479805,9.820974,9.351617,9.500685,9.77892,9.605799,8.869079,0.0032841314,0.0025705695,0.0010259516,0.0017136724,-0.00041098,0.029152557,0.0313963,0.036253244,0.033084616,0.020825107
1996,12,10.843037,9.373825,7.744917,8.4914,16.703096,9.736091,9.796002,9.9078245,9.901378,8.885594,0.0004022428,-0.0008445159,-0.0035433224,-0.0010366057,0.0006576287,0.11902623,0.119664304,0.12104556,0.11781488,0.079466075
1997,1,9.872152,8.975069,7.9804773,8.522598,14.070619,9.797872,9.750784,9.662908,9.787342,9.066341,-0.0048260195,-0.002880461,0.0013310075,-0.001809925,-0.0032984721,0.07613691,0.06753918,0.048927993,0.059204657,0.08159475
1997,2,7.5705757,7.2252703,6.8424306,7.0867844,9.6564045,9.512799,9.488272,9.4424925,9.52963,8.8939085,-0.0028462089,-0.0010795455,0.00274468,-6.0899525e-05,-0.0011019926,-0.035253834,-0.035707083,-0.036688212,-0.039100666,-0.018069968
1997,3,9.427328,8.801339,8.107307,8.59217,10.895345,9.06048,9.0699835,9.087721,9.106187,8.551754,0.0027448973,0.0017555059,-0.0003861907,0.0018685065,0.0039999625,-0.028913626,-0.018283283,0.00472779,-0.012653784,-0.03859667
1997,4,7.2443137,7.068618,6.8738265,7.0835423,7.8591204,8.85972,8.98357,9.214728,9.066616,8.39608,-0.00033773427,-0.0011569548,-0.0029302873,-0.0023028422,0.0030937241,-0.08403894,-0.070147485,-0.040077224,-0.06127587,-0.0903011
1997,5,6.000993,5.818547,5.616269,5.765526,6.4153814,9.156259,9.387947,9.820386,9.526116,8.591481,-0.004654316,-0.0030186896,0.0005218853,-0.0024213425,0.0004250185,-0.05650175,-0.049837373,-0.03541125,-0.047421444,-0.040678896
1997,6,5.6818786,5.5794377,5.465862,5.5735393,5.8777623,9.285739,9.566972,10.09189,9.681822,8.959744,-0.001098964,-0.0010457499,-0.00093055825,-0.0028678274,0.0008250985,-0.09635008,-0.08477239,-0.05971064,-0.07927471,-0.07855921
1997,7,5.6872716,5.5967445,5.496378,5.5740256,5.933089,8.765872,8.883317,9.102521,8.92651,8.775351,-0.010089567,-0.0071313954,-0.0007279742,-0.007914137,-0.0031014306,-0.09939578,-0.09304745,-0.07930555,-0.09058543,-0.08651456
1997,8,5.6458645,5.571274,5.488574,5.534339,6.0620146,9.103487,9.216405,9.427171,9.265783,9.052599,-0.0035136563,-0.0044745426,-0.0065545347,-0.007073201,-0.0009484948,-0.01490214,-0.009460781,0.0023178896,-0.006632503,0.00019372498
1997,9,6.8552547,6.6453547,6.41264,6.5376816,7.4648533,10.677731,11.162917,12.06852,11.4182,9.794292,-0.00045699842,-0.00046517205,-0.000482865,-0.0008195187,0.0012790053,0.005796249,0.012657531,0.027509872,0.014274654,0.01972116
1997,10,11.237333,10.494678,9.671297,10.332327,12.6235,11.090879,11.570505,12.4657345,11.851864,10.075163,-0.005583891,-0.004796249,-0.0030912694,-0.0038812398,-0.0013540953,0.0444858,0.047124222,0.052835528,0.048827287,0.052138098
1997,11,14.5366955,12.586256,10.423812,11.803736,19.334202,11.422085,11.668336,12.127967,11.865398,10.546793,-0.0015556373,-0.0022743565,-0.0038301386,-0.0012752645,-0.0015508748,0.1288785,0.12133486,0.105005406,0.117084995,0.11540874
1997,12,22.405628,19.1997,15.6453,17.67315,31.528542,11.962829,11.954631,11.939329,12.032292,11.037229,-0.0034845723,-0.0023914287,-2.5146457e-05,4.3031763e-05,-0.007429537,0.09688109,0.08629599,0.06338285,0.07557833,0.10286209
1998,1,21.134455,17.377901,13.21303,15.534806,39.150978,11.803698,11.7056,11.5225,11.700124,11.1773,-0.00040852305,0.00038968353,0.0021175311,0.00456755,0.00046678475,0.14811395,0.13583346,0.109250285,0.1259243,0.15587163
1998,2,14.949671,12.2483015,9.253303,10.943924,28.091017,11.579651,11.528717,11.433646,11.533646,11.074027,0.0061930474,0.0051592286,0.0029213664,0.0061552525,-0.0035212955,0.10282756,0.09782383,0.08699246,0.09489502,0.09834574
1998,3,9.398335,8.731814,7.9928455,8.56549,10.599557,10.94882,11.021765,11.157914,11.110331,10.146574,-0.0020166324,-0.0022439617,-0.0027360555,-0.0032383518,-0.0010807968,-0.02831863,-0.022253232,-0.009123713,-0.019696852,-0.04005766
1998,4,8.156551,7.873054,7.558741,7.842616,8.769531,10.376171,10.527451,10.80981,10.6564865,9.600143,-0.002319211,-0.00212589,-0.0017074137,-0.002787902,9.651716e-05,-0.075067945,-0.06446009,-0.041497733,-0.0579524,-0.085278906
1998,5,6.447735,6.3501945,6.2420516,6.4346485,6.6903095,10.188972,10.378569,10.732457,10.515403,9.429854,-0.0018780822,-0.0018422655,-0.0017647345,-0.0024464224,0.0014763313,-0.059605572,-0.05200503,-0.035552464,-0.047816243,-0.058975387
1998,6,6.199907,5.9995117,5.7773347,5.9611173,6.8227925,9.711834,9.8466625,10.098318,9.929755,9.25508,-0.001758387,-0.0012885,-0.00027135745,-0.002220319,-0.00044707395,-0.09668487,-0.08736502,-0.067190774,-0.08102985,-0.08316601
1998,7,5.7416058,5.6030827,5.449502,5.5605693,6.4298415,9.384397,9.513831,9.755421,9.577726,9.158909,-0.011634562,-0.009350888,-0.0044075134,-0.009782817,0.00013357581,-0.06952319,-0.06125332,-0.043351874,-0.056749027,-0.045005735
1998,8,6.2708726,5.959986,5.615308,5.8936214,7.2734737,9.356738,9.389367,9.4502535,9.383043,9.431459,-0.008853099,-0.009772427,-0.011762457,-0.011144677,-0.00016587542,-0.06300288,-0.05622461,-0.041551974,-0.04964947,-0.04277591
1998,9,7.010006,6.5020967,5.93898,6.319092,8.163918,9.303419,9.327485,9.372401,9.334766,9.402848,-0.015333255,-0.015408713,-0.015572068,-0.013747857,0.0017788647,-0.047502175,-0.0408612,-0.026485765,-0.03447202,-0.041782193
1998,10,8.334342,7.758366,7.1197853,7.5060606,11.1491585,9.952397,10.143593,10.500453,10.235522,9.524031,-0.0023143492,-0.005139771,-0.0112558445,-0.005807334,0.0025465856,0.0026144276,0.009651321,0.024883794,0.016011158,-0.0060209148
1998,11,15.679405,13.446242,10.970345,12.424878,20.739288,10.735613,10.924568,11.2772455,11.075624,9.756254,0.0042568706,0.0032507617,0.0010728742,0.0043688943,0.00093941885,0.10356381,0.107184164,0.11502088,0.10754744,0.08274061
1998,12,14.380961,12.604218,10.634351,11.925986,20.224396,10.487371,10.533619,10.619942,10.629082,9.566154,-0.0043141632,-0.001602433,0.0042675366,0.0009223627,-0.004198554,0.03794496,0.03434211,0.026543178,0.02836214,0.03734771
1999,1,11.937894,10.468139,8.838629,9.872829,15.642597,9.58454,9.606273,9.646842,9.671183,9.013134,0.0014608366,0.001176244,0.000560196,0.0022031553,-0.002868308,0.049560275,0.049923852,0.05071089,0.04935098,0.048122387
1999,2,15.313637,12.6835785,9.767645,11.352078,28.715733,9.111457,9.075625,9.008747,9.088733,8.76605,0.0022253778,0.0024476775,0.002928867,0.00408892,0.001928133,0.11509183,0.109797776,0.098337926,0.10363358,0.10127151
1999,3,9.821046,8.948061,7.980185,8.466061,15.301851,8.994947,8.988688,8.977005,9.013527,8.63587,-0.0014158392,-0.0010703873,-0.000322607,-0.002123327,0.00087072176,0.025616717,0.029529003,0.037997767,0.030669536,0.022220979
1999,4,8.399625,7.9608603,7.474403,7.9098024,8.892308,8.723516,8.783834,8.896417,8.836529,8.34731,-0.00325652,-0.0030407177,-0.0025735798,-0.0046778335,-0.00017573216,-0.09720265,-0.08584807,-0.061269343,-0.07974488,-0.09308358
1999,5,6.872853,6.609352,6.317209,6.615641,7.3767962,8.521804,8.640937,8.863292,8.712421,8.175759,-0.0054523745,-0.0032481442,0.0015232604,-0.002904866,-0.0025513011,-0.12590027,-0.11224455,-0.08268453,-0.10518596,-0.10654694
1999,6,5.708964,5.6516705,5.5881505,5.6392384,6.2026715,8.498362,8.65016,8.933477,8.727905,8.281351,-0.00808377,-0.005632552,-0.00032650618,-0.0049163126,0.007215657,-0.10187251,-0.09632154,-0.08430573,-0.09694271,-0.0832923
1999,7,5.91097,5.724354,5.517453,5.684115,6.2109404,8.342911,8.441239,8.624765,8.493845,8.314668,-0.010326561,-0.0071051326,-0.00013184293,-0.0060654776,0.0013953997,-0.08151291,-0.07774022,-0.06957365,-0.08012828,-0.06693585
1999,8,5.3995767,5.3230867,5.2382827,5.308528,5.5849624,8.750509,8.837099,8.998718,8.872899,8.717961,-0.0001906807,-0.0010669974,-0.0029639215,-0.0035036393,-0.0018585041,-0.055498313,-0.05007143,-0.03832412,-0.0456772,-0.04380834
1999,9,6.9892397,6.5703955,6.106025,6.437106,7.524844,8.443752,8.453803,8.472567,8.4660425,8.6142,-0.0070669777,-0.0063223997,-0.004710645,-0.004049018,-0.0005247265,-0.07061207,-0.062799215,-0.045887023,-0.05688743,-0.061959647
1999,10,8.676526,8.089591,7.438858,7.9100876,10.031632,8.588574,8.662884,8.801582,8.713296,8.618361,-0.005583749,-0.0047279825,-0.0028755425,-0.0038881549,0.005022908,-0.014010696,-0.0074767494,0.006667012,-0.0037627933,-0.019782146
1999,11,14.710064,13.069248,11.250084,12.3683605,18.192362,10.102906,10.244255,10.508075,10.385926,9.231547,0.0043762904,0.0029368442,-0.00017905995,0.004351977,-0.0011461155,0.09974716,0.099492036,0.09893985,0.09931492,0.078426085
1999,12,12.296411,10.722523,8.977562,9.963433,18.215466,10.244907,10.334297,10.501151,10.454659,9.26661,-0.005266462,-0.0026410697,0.0030420115,0.000521294,-0.00041372902,0.032367185,0.026782569,0.014693781,0.019849684,0.022072595
2000,1,12.55927,11.083725,9.447795,10.506327,17.52801,9.458544,9.477919,9.514089,9.543358,8.812347,0.0019679312,0.0021826108,0.0026473212,0.0037671993,-0.0005959992,0.04917423,0.046381578,0.040336426,0.04225892,0.049643487
2000,2,10.262232,9.109202,7.830843,8.529087,14.545044,9.534538,9.486391,9.396526,9.50819,8.984891,-0.002095549,-0.0017525404,-0.0010100448,0.0002980386,-0.002426639,0.090773284,0.083175145,0.0667277,0.07602978,0.09061415
2000,3,9.518481,8.689471,7.7703514,8.338562,13.352761,9.425737,9.427241,9.43004,9.459794,8.854478,-0.0029304468,-0.0019290148,0.00023874655,-0.0006575075,-0.0010671817,-0.035063453,-0.033797175,-0.03105612,-0.036406755,-0.027441353
2000,4,7.481482,7.192412,6.8719206,7.1721635,7.9464903,9.178468,9.298336,9.52206,9.385754,8.638693,-0.000398431,0.0006400566,0.0028880266,0.0010808165,-0.001484266,-0.049660627,-0.040913466,-0.021978796,-0.03653755,-0.050336104
2000,5,6.505644,6.3082204,6.0893373,6.2711177,7.2528634,9.478425,9.693449,10.094784,9.831962,8.790448,-0.0022653195,-0.0013643266,0.00058601546,-0.001632652,0.0019233647,-0.07035784,-0.063446835,-0.048486885,-0.060395304,-0.061088607
2000,6,6.4983735,6.2447467,5.9635515,6.216671,7.357167,8.9460535,9.127993,9.467573,9.217909,8.606378,-0.004179502,-0.0021952526,0.0020999708,-0.001505119,-0.0034815841,-0.09165634,-0.08306485,-0.064467184,-0.07628935,-0.08487999
2000,7,5.7650166,5.6070065,5.431822,5.577153,6.4680605,8.526422,8.606193,8.755084,8.656779,8.520248,-0.010519725,-0.0069534048,0.00076646666,-0.0026330801,0.00078639213,-0.075932875,-0.07054015,-0.05886681,-0.07023311,-0.07001716
2000,8,6.0386934,5.800204,5.535791,5.7448707,6.7889104,8.462576,8.522285,8.633741,8.54186,8.462968,-0.014149786,-0.012023268,-0.0074200863,-0.0127238,0.0025509605,-0.06902374,-0.0665274,-0.061123647,-0.069242895,-0.060050584
2000,9,6.103535,5.878237,5.628449,5.80938,6.775496,8.657948,8.8061905,9.082881,8.867023,8.571202,-0.011486879,-0.010123089,-0.007170948,-0.012964695,0.0010478824,-0.026687386,-0.026429147,-0.025870174,-0.032441325,-0.019917112
2000,10,8.231168,7.715166,7.1430755,7.5004783,10.419642,8.973071,9.160554,9.510492,9.208505,8.827064,-0.0036596262,-0.0043320777,-0.0057877037,-0.0068777893,-0.001101652,0.00058762904,0.0033969027,0.009478023,0.009434926,-0.0029587662
2000,11,10.436199,10.264091,10.073276,10.324643,11.730126,9.236906,9.390378,9.67683,9.49082,8.719594,0.0034996117,0.0030540503,0.002089561,0.0042056204,-0.004097521,0.02354009,0.025217826,0.028849555,0.029812967,0.020675754
2000,12,13.898352,12.780805,11.541785,12.361478,15.755565,9.23851,9.278143,9.352127,9.354585,8.714073,0.004742338,0.0049790824,0.0054915575,0.007112064,-0.00058661686,0.04201221,0.038683143,0.03147682,0.03334652,0.036515474
2001,1,20.892895,18.47923,15.803216,17.076475,24.80241,9.300193,9.274495,9.226537,9.306682,8.844607,-0.0010295865,-0.0007028428,4.446941e-06,0.0016629525,0.0007191633,0.059238154,0.05411858,0.043036465,0.04871013,0.06151752
2001,2,22.330427,19.432035,16.2186,18.206625,26.795143,9.102616,9.059173,8.978091,9.077973,8.686159,-0.0019351465,-0.001407941,-0.00026672092,-0.00040810357,0.00063732837,0.02370365,0.021265108,0.015986508,0.017741762,0.017482638
2001,3,16.325953,14.458564,12.3882,13.771973,21.333971,9.094651,9.1074705,9.131398,9.144475,8.698053,-0.00097155094,-0.00070890447,-0.0001403641,-0.00039965133,0.0014775309,-0.022232205,-0.020991996,-0.01830736,-0.022494808,-0.010275162
2001,4,9.035112,8.429674,7.758429,8.311784,9.624557,9.020343,9.109489,9.275879,9.171415,8.543025,0.0021260965,0.0014814418,8.5983665e-05,0.00093215937,0.0019550244,-0.061016113,-0.052381698,-0.03369113,-0.04774643,-0.07012116
2001,5,7.4954653,7.059661,6.5764885,7.00984,8.412196,8.913928,9.052101,9.309991,9.129978,8.512762,-0.004136982,-0.0030343586,-0.00064756157,-0.0035173574,-0.003616795,-0.08367111,-0.07542539,-0.05757623,-0.070766315,-0.08035317
2001,6,6.380675,6.1876945,5.973737,6.166931,7.371117,8.707364,8.813084,9.010406,8.858431,8.544933,-0.005930904,-0.00435328,-0.00093826436,-0.004256497,0.0011145627,-0.09749046,-0.089827694,-0.07324036,-0.08492031,-0.088736735
2001,7,6.5059166,6.2549777,5.976763,6.203725,8.147146,8.456802,8.478521,8.519061,8.497934,8.534738,-0.011635888,-0.00815734,-0.00062746764,-0.006276838,-0.00077887526,-0.104156725,-0.096256554,-0.079155415,-0.090067655,-0.07953391
2001,8,6.2791724,6.018804,5.730135,5.9135637,7.4968123,8.890396,9.054227,9.36002,9.1270075,8.918843,-0.003885792,-0.003416982,-0.0024021647,-0.0050784945,0.0013576872,-0.055024855,-0.047074128,-0.029863484,-0.04354051,-0.06114785
2001,9,6.5391636,6.175961,5.7732797,6.098619,7.630509,8.735945,8.83004,9.005666,8.854575,8.818357,-0.008043997,-0.0070206774,-0.0048055397,-0.00410287,-0.0009681051,-0.04666206,-0.03908228,-0.022674618,-0.03217195,-0.046898883
2001,10,8.366769,7.891872,7.365355,7.8081303,10.22078,8.820789,8.922639,9.112732,8.960316,8.829118,0.001528428,0.0018942847,0.0026862384,-0.0008807746,-0.0016904904,-0.026669137,-0.020844344,-0.008235643,-0.018124215,-0.0297461
2001,11,13.975879,12.4690695,10.798474,11.889982,17.143478,9.808165,9.913577,10.110327,10.021716,9.130308,0.006178761,0.00488491,0.0020841698,0.0054877694,0.00030831588,0.08333734,0.083234176,0.083010934,0.084583454,0.06320345
2001,12,14.821247,12.836074,10.635119,11.771516,24.87345,10.018016,10.059013,10.135544,10.145898,9.136958,-0.0054388796,-0.003686805,0.000105842424,-0.0009459923,0.0013543818,0.08956621,0.07986512,0.058865573,0.07128063,0.07575731
2002,1,14.723214,12.491097,10.016358,11.618679,23.141827,9.72651,9.700767,9.65272,9.724937,9.182982,0.0003110647,0.00070332515,0.0015524363,0.0016629212,-0.0026589003,0.029145787,0.02788793,0.025165074,0.022872364,0.06061755
2002,2,10.810974,9.524204,8.097568,8.981699,14.583502,9.266211,9.233589,9.172702,9.251995,8.78994,-0.0010668738,-0.00066914817,0.00019179231,-0.00063276506,-0.00093640405,0.01419619,0.015570142,0.018544277,0.016233537,0.017344413
2002,3,11.534927,10.364493,9.066837,10.028091,14.054226,9.043487,9.026932,8.996034,9.037121,8.683362,-0.00014141553,0.00038381637,0.0015207645,0.0005760749,-0.0005902092,-0.032915004,-0.030366227,-0.024849,-0.029939637,-0.027683645
2002,4,8.83221,8.323783,7.7600923,8.291237,9.275639,8.855293,8.913361,9.021745,8.961956,8.481726,-0.0024257374,-0.0018980239,-0.000755706,-0.0029249126,-0.002123575,-0.090488106,-0.0775352,-0.049496524,-0.07050456,-0.092236295
2002,5,6.939186,6.745184,6.530095,6.7898073,7.5839067,8.573221,8.672647,8.8582325,8.738943,8.241531,-0.007876361,-0.0057402025,-0.0011161534,-0.0052991915,-0.0010650154,-0.10873451,-0.09551598,-0.06690245,-0.0886683,-0.08915037
2002,6,6.19635,6.028106,5.841575,6.0522337,6.8027134,8.681948,8.866588,9.211216,8.95933,8.322878,-0.0076126293,-0.0056825476,-0.0015045825,-0.0047848215,0.00055473135,-0.106482275,-0.09316099,-0.06432488,-0.08660922,-0.08966095
2002,7,5.7908025,5.62511,5.4414067,5.5904493,6.460309,8.455256,8.557326,8.747845,8.596559,8.339294,-0.010079459,-0.007381069,-0.0015399816,-0.007879499,0.0003581955,-0.09747296,-0.089919195,-0.0735679,-0.08552907,-0.07578478
2002,8,6.6281505,6.250695,5.832213,6.156561,7.510828,8.125831,8.152078,8.201073,8.18231,8.190739,-0.014274099,-0.012637922,-0.00909615,-0.013293481,-0.001406953,-0.07830451,-0.073463395,-0.06298402,-0.07386187,-0.069469735
2002,9,6.514573,6.0957584,5.6314206,5.942261,7.39518,8.440087,8.522994,8.677746,8.553146,8.397984,-0.01298687,-0.01260303,-0.011772159,-0.014392432,-0.0023445915,-0.018226953,-0.021200385,-0.027636874,-0.02578137,-0.013539742
2002,10,8.185513,7.590222,6.9302278,7.4846206,8.896161,8.460639,8.462078,8.464768,8.458328,8.389219,0.0018602182,-0.00046897726,-0.0055108923,-0.0025945099,-0.0028052968,-0.0157712,-0.014179754,-0.010734821,-0.010847017,-0.02985021
2002,11,12.2007475,11.019842,9.710577,10.4849615,14.297472,9.631331,9.74913,9.969,9.876065,8.895702,0.0025627124,0.0028651631,0.003519858,0.0035684383,1.891002e-05,0.07485864,0.07383151,0.07160813,0.07072548,0.06609259
2002,12,19.297583,16.621143,13.653786,15.254758,24.263634,10.581333,10.575378,10.564251,10.639355,9.6534605,-0.0014855053,-0.0011976437,-0.0005745172,0.00085401855,-0.0019038959,0.16852519,0.15480562,0.12510738,0.14293648,0.16761397
2003,1,12.470003,10.758127,8.860174,9.770257,19.787403,10.899848,10.855365,10.772342,10.883294,10.104205,-0.0007471726,0.0011217318,0.0051672724,0.0041394136,2.8923258e-05,0.06992966,0.062323827,0.045859847,0.05144833,0.10478577
2003,2,10.897575,9.828829,8.643913,9.379555,14.10289,10.527357,10.555757,10.608763,10.62703,9.733682,-0.0018456775,-0.0011347356,0.0004042099,-0.0006177427,-0.0050215633,0.0039143153,0.0025237482,-0.00048635728,0.0002716507,0.026370833
2003,3,13.354977,11.615377,9.686689,10.916199,17.99666,10.281632,10.319196,10.389301,10.380231,9.580495,0.00332142,0.0033314105,0.003353035,0.0044085183,0.0022771123,0.019304551,0.02023989,0.022264572,0.017601425,0.020362696
2003,4,7.955864,7.397688,6.7788396,7.2949204,8.927057,10.1645975,10.260147,10.438495,10.349459,9.412964,0.0020486314,0.00094746414,-0.0014361886,0.0008919798,-0.0006296275,-0.0058795786,-0.0015681956,0.0077644754,0.0018639994,-0.0039146408
2003,5,6.2501693,6.1296287,5.9959865,6.1527925,6.60332,9.88596,10.038823,10.3241415,10.140254,9.272575,-1.7484062e-05,0.0005919666,0.0019112221,0.0005724453,-0.00218643,-0.10323578,-0.095009305,-0.07720177,-0.09054899,-0.07940214
2003,6,6.2936406,6.102984,5.8916044,6.0878296,7.1841393,9.128593,9.241086,9.451055,9.306732,8.863148,-0.007643854,-0.004047576,0.0037371384,-0.0035203155,-0.0052368273,-0.120566376,-0.11046869,-0.08861067,-0.10422837,-0.0935125
2003,7,6.109969,5.8482647,5.5581145,5.8000865,7.082051,8.8558655,8.952934,9.134123,9.009515,8.794886,-0.0120678665,-0.008324775,-0.00022225527,-0.0054150727,-0.0013469124,-0.08534739,-0.08037147,-0.06960032,-0.07800572,-0.07055435
2003,8,5.9888544,5.747648,5.480223,5.6626463,6.815395,8.93381,8.992374,9.101693,9.035395,8.943163,-0.0007827065,-0.0016180136,-0.0034261642,-0.0035616355,-0.005106542,-0.027879206,-0.02764353,-0.027133381,-0.027194237,-0.019300856
2003,9,6.977125,6.5185213,6.010068,6.3723893,7.684358,8.823636,8.868842,8.953216,8.914206,8.737539,0.0007924969,0.0007362808,0.0006145922,-5.1653253e-05,-0.0032303438,-0.019133002,-0.01824458,-0.016321471,-0.018007524,-0.03550722
2003,10,9.472061,8.87363,8.210151,8.63201,11.058028,9.991066,10.228399,10.671388,10.378937,9.328553,0.0012618869,0.00027488882,-0.0018616254,0.0014296303,-0.001267587,0.03675854,0.038636938,0.042703044,0.04024381,0.03198298
2003,11,13.567859,12.927253,12.217014,12.810766,15.718618,9.969272,10.113658,10.383155,10.224201,9.319383,0.0012039288,0.0014030258,0.0018340043,0.0026914242,0.0006059345,0.04676951,0.045201574,0.04180755,0.043271407,0.04517494
2003,12,14.566618,12.266913,9.717239,10.899324,22.251455,10.191873,10.202444,10.22218,10.264187,9.432172,-0.0010511635,-0.0016727166,-0.0030181692,-0.00069916656,0.0009326475,0.106393345,0.10213836,0.092927784,0.09796915,0.0838433
2004,1,10.748504,9.4324,7.9732413,8.811735,19.696161,9.945644,9.867673,9.722136,9.879494,9.357626,-0.0031780761,-0.0022604277,-0.0002740306,-0.0008585196,0.00084906165,0.06853529,0.06340695,0.052305937,0.056724075,0.069445685
2004,2,10.655906,9.426852,8.064205,8.83182,17.620607,9.784825,9.735492,9.643399,9.754831,9.246676,-0.0007997518,-0.0006263364,-0.0002509514,0.00063539814,0.002205972,0.044452358,0.04104713,0.033675924,0.035974175,0.041689035
2004,3,9.244703,8.544583,7.7683644,8.32073,11.20283,9.623964,9.659547,9.725959,9.712516,9.092503,-0.0008137576,-0.00019358599,0.0011488725,0.0001672562,-0.0017437508,-0.044245835,-0.036667563,-0.020263178,-0.033429213,-0.030628117
2004,4,8.632665,8.106107,7.5223155,8.03892,8.981291,9.535838,9.668777,9.9169235,9.75473,9.022486,-0.0017441597,-0.0008614033,0.0010494593,7.237765e-05,0.0010880247,-0.074720204,-0.062603526,-0.036375046,-0.055851325,-0.06779179
2004,5,6.0030518,5.8396688,5.658527,5.8327503,6.0865884,9.511249,9.685489,10.010715,9.783771,9.044298,-0.0037568363,-0.0025905536,-6.594803e-05,-0.0020325962,-4.908682e-05,-0.09477906,-0.08780188,-0.07269863,-0.08428097,-0.063918844
2004,6,5.7022676,5.597974,5.4823437,5.59494,6.156568,9.147764,9.291577,9.560011,9.365696,8.902148,-0.005189262,-0.002941199,0.0019250887,-0.00074284954,0.00093387597,-0.10860982,-0.099970646,-0.081269875,-0.09460513,-0.07891083
2004,7,5.821692,5.6682386,5.498106,5.636064,6.824344,8.873256,8.942243,9.07101,8.969018,8.979357,-0.011175347,-0.0077820737,-0.00043678822,-0.0049185604,0.0016711152,-0.099756,-0.09020793,-0.06953967,-0.08101477,-0.08016212
2004,8,5.626545,5.4761653,5.3094397,5.441154,6.5773063,8.95716,9.065216,9.266909,9.097238,8.95022,-0.010254028,-0.010354858,-0.010573119,-0.011788667,-0.0005360103,-0.020347461,-0.017383303,-0.010966911,-0.01420957,-0.018174237
2004,9,6.260902,6.031342,5.776829,5.970015,7.4518723,9.321852,9.490257,9.804583,9.539592,9.289019,-6.2892177e-06,-0.0007796114,-0.0024535896,-0.0006353638,-0.0037655397,-0.018409025,-0.013301919,-0.0022467677,-0.008821053,-0.007872262
2004,10,7.6221013,7.251035,6.8396363,7.1489663,8.70116,9.504686,9.693811,10.04681,9.814811,9.189188,0.0015124616,0.0024091266,0.0043500983,0.004557213,-0.0013748477,0.0052989977,0.0069779637,0.010612355,0.005150135,-0.010483471
2004,11,9.235846,8.654239,8.009412,8.4707775,10.650988,9.617233,9.789887,10.112142,9.901775,9.110598,-0.0016888406,-0.0011284171,8.4708015e-05,-0.0005965459,-0.0016647386,0.014071614,0.013779363,0.013146731,0.013159825,0.021143032
2004,12,12.164266,11.080368,9.878655,10.797312,14.008412,9.456189,9.523406,9.648868,9.595362,9.025527,-0.0002058703,-0.00040980626,-0.00085125765,0.0009102955,-0.0012205276,0.07059204,0.06929241,0.066479206,0.068685286,0.06873593
2005,1,15.662942,13.45363,11.004176,12.234914,19.757402,9.435435,9.382233,9.282927,9.398124,9.157689,-0.003890015,-0.0033213226,-0.0020902995,-0.0010173554,-0.0018304788,0.11098754,0.10243018,0.0839066,0.09614605,0.11842662
2005,2,13.253997,11.890488,10.37877,11.47009,15.1038265,9.621691,9.542367,9.394317,9.533901,9.35255,-0.005325267,-0.0037311187,-0.0002803337,-0.0020567814,-0.0011632605,0.023211695,0.019486457,0.011422578,0.016087664,0.02116357
2005,3,13.634347,11.995551,10.178626,11.318831,17.055609,10.105954,10.072544,10.010187,10.093696,9.615672,-0.0012996399,-0.00148712,-0.0018929512,-0.0010038615,0.0031538003,0.04616092,0.04553522,0.04418077,0.043561153,0.031261235
2005,4,9.458728,8.302236,7.020038,7.84507,14.271584,10.230549,10.2938,10.411854,10.362194,9.537937,-0.0029748627,-0.001993119,0.00013202037,-0.001459537,0.0030187815,-0.01952683,-0.01437282,-0.0032161532,-0.013350573,-0.034157146
2005,5,7.255558,6.8683634,6.439082,6.7692146,7.954096,10.485949,10.717274,11.149041,10.870661,9.603995,0.00013333774,4.4304266e-05,-0.00014842293,0.0005230192,0.0041046604,-0.026991405,-0.020859296,-0.007585389,-0.017031547,-0.041924246
2005,6,6.290466,6.098921,5.8865557,6.112996,6.518167,10.214616,10.450338,10.890315,10.571543,9.545492,-0.0024858823,-0.0007427009,0.0030306927,-0.001234958,-0.0005506748,-0.108267784,-0.099157356,-0.07943642,-0.09450606,-0.09772885
2005,7,6.277968,6.016009,5.7255754,5.9757614,7.1968517,9.444396,9.59784,9.884238,9.667821,9.280661,-0.011300854,-0.007520062,0.00066405744,-0.0049059317,-0.0032790422,-0.09606904,-0.08865841,-0.07261685,-0.084317155,-0.06407681
2005,8,6.426224,6.085248,5.707209,5.9820633,7.3827233,8.822425,8.869771,8.958142,8.902324,9.016671,-0.010206347,-0.008680618,-0.005377947,-0.009720789,0.00026718687,-0.06700458,-0.06512667,-0.061061684,-0.06771397,-0.06329447
2005,9,6.7099533,6.271691,5.7857904,6.1547866,7.9124613,8.916054,8.969131,9.068201,8.961766,9.138995,-0.011100103,-0.010487912,-0.00916274,-0.015931087,-0.003563923,-0.04903035,-0.044673044,-0.03524097,-0.045451533,-0.04443988
2005,10,8.488507,8.00093,7.460356,7.7762465,10.31025,9.616914,9.876728,10.3616705,9.990905,9.215544,-0.0010895444,-0.0027571886,-0.006367071,-0.0039430764,-0.00082040863,0.02476349,0.03174772,0.04686622,0.036025524,0.021995494
2005,11,10.197207,9.74874,9.251528,9.516897,12.251462,10.079399,10.343171,10.835504,10.512613,9.329364,0.001013896,0.0011340339,0.0013940921,0.0022682368,-0.0030728395,0.020512722,0.020734796,0.021215513,0.022640424,0.016990561
2005,12,14.497468,12.910109,11.150208,12.260935,17.18023,9.625313,9.665868,9.741567,9.743024,9.096848,0.0036710557,0.0034282974,0.0029028126,0.0047986573,0.00045047834,0.084698424,0.07883786,0.06615171,0.07424398,0.074282356
2006,1,11.224234,9.34848,7.2688427,8.323099,19.544483,10.250508,10.246954,10.24032,10.311962,9.507759,-0.008770969,-0.005713668,0.0009043577,-0.0052906927,-0.0037882451,0.11347758,0.10449118,0.085038625,0.09415465,0.09516887
2006,2,11.195926,10.670344,10.087639,10.508774,14.767946,9.652612,9.6741295,9.714295,9.719667,9.097969,-0.00021614981,0.00014681101,0.00093249825,-0.0003026498,-0.00564425,-0.02665964,-0.024463551,-0.019709773,-0.021923184,-0.006540757
2006,3,14.738134,12.61536,10.26185,11.772128,21.96916,9.317878,9.279557,9.208032,9.294957,8.9114,0.003664438,0.0028918446,0.0012194368,0.003345771,0.0013166756,0.04405131,0.044974003,0.046971355,0.043882214,0.036292
2006,4,8.132072,7.4326086,6.657115,7.196069,10.949089,9.557288,9.602475,9.686816,9.660751,9.07465,-0.0018331066,-0.001708139,-0.00143763,-0.0014274272,-0.0015560269,-0.020300198,-0.01616266,-0.007206304,-0.014558723,-0.0009978006
2006,5,7.915131,7.512792,7.0667195,7.466058,8.758156,9.163892,9.298291,9.549141,9.381495,8.805617,-0.005592852,-0.0034734479,0.0011143376,-0.004183865,-0.0039924406,-0.11002805,-0.09417793,-0.059867863,-0.08499187,-0.09035505
2006,6,6.3675437,6.123705,5.8533635,6.0782776,7.174912,9.284264,9.488388,9.869391,9.587855,8.954308,-0.0038285954,-0.0024820438,0.00043278543,-0.0040817256,-0.0011283848,-0.10876705,-0.09983383,-0.080496356,-0.09271352,-0.09413586
2006,7,6.3337426,6.0396743,5.713643,5.967611,7.1779895,8.657648,8.7019825,8.784728,8.736507,8.7775545,-0.0076652146,-0.0048887655,0.0011213055,-0.0027992371,-0.0025484352,-0.087653816,-0.08222948,-0.070487626,-0.07953609,-0.07766097
2006,8,7.2638826,6.7053657,6.086141,6.487661,8.240364,8.509052,8.518467,8.536034,8.528653,8.725714,-0.0064095203,-0.0055888165,-0.0038122602,-0.0076009477,-0.0054899994,-0.054873973,-0.05564745,-0.057321712,-0.056883097,-0.052599225
2006,9,7.098055,6.6269846,6.104712,6.4918885,8.126163,8.75676,8.761614,8.770673,8.762135,8.812241,0.0005658151,-0.0004508152,-0.0026514719,-0.0036853773,-0.0038365424,-0.014411276,-0.014063298,-0.013310047,-0.01328121,-0.017792236
2006,10,8.912181,8.086525,7.171127,7.8604307,9.376565,8.943937,8.955432,8.97688,8.998696,8.837493,0.00014030837,-0.00017468681,-0.00085654604,9.306382e-05,-0.0030147254,-0.005694153,-0.004194273,-0.0009475531,-0.0044966205,0.009321843
2006,11,13.864789,12.293733,10.551909,11.574481,16.176958,9.890381,9.952169,10.067503,10.040847,9.213527,0.0045207124,0.0031788978,0.00027432674,0.003742885,0.0036887322,0.10551686,0.10859287,0.11525136,0.10868425,0.07488785
2006,12,14.957328,12.800431,10.40909,11.546862,22.365824,9.98389,9.971746,9.949087,10.022914,9.310543,-0.0010400689,-0.0012593743,-0.001734093,-1.8609948e-05,-0.0011281827,0.098598115,0.091969565,0.07762107,0.08494096,0.09588359
2007,1,10.894507,9.706414,8.38918,9.575534,13.727094,9.448473,9.406316,9.327622,9.414951,9.031039,-0.002548898,-0.0009865785,0.0023953104,0.0013152204,0.0006373078,-0.029237213,-0.024499455,-0.014243829,-0.023836182,-0.005926043
2007,2,12.30437,10.559767,8.625531,9.891125,16.503618,9.183072,9.140744,9.061737,9.139561,8.922095,0.0016680681,0.00067617814,-0.0014709239,-0.00027575323,0.002056161,0.014477996,0.019763663,0.03120532,0.022559639,0.00685777
2007,3,7.471523,7.0138745,6.5064816,6.8458853,10.062723,9.123209,9.122608,9.12149,9.142372,8.80542,-0.0020393117,-0.001682312,-0.000909529,-0.0024487886,0.0011453643,-0.030113803,-0.023696683,-0.009805796,-0.020416455,-0.02754826
2007,4,6.492714,6.2542186,5.989799,6.2214637,6.9770656,9.020415,9.105904,9.265463,9.159239,8.647563,0.002362929,0.0019628548,0.0010968293,0.0013527977,-0.00019514433,-0.07810564,-0.06841175,-0.047427814,-0.062809505,-0.067393735
2007,5,6.4345665,6.174691,5.8865695,6.155264,6.903676,8.698454,8.799606,8.988408,8.866496,8.351098,-0.0048429957,-0.0028468282,0.0014741936,-0.0025434415,-0.002816828,-0.12926142,-0.115161516,-0.08464008,-0.106837876,-0.12065592
2007,6,6.054142,5.8864694,5.700574,5.8528776,6.907831,8.763181,8.916128,9.20161,9.00293,8.446495,-0.012131963,-0.0074563264,0.002664839,-0.0037382203,0.003303583,-0.09345064,-0.08719703,-0.07366011,-0.0867767,-0.08347424
2007,7,6.1519814,6.0215335,5.8769073,5.9947248,6.904838,9.225911,9.501545,10.016023,9.637131,8.832527,-0.010808933,-0.008944244,-0.0049078306,-0.008431842,0.0021241645,-0.06004119,-0.054929834,-0.043865513,-0.054242995,-0.057548337
2007,8,5.617951,5.4740267,5.3144584,5.4479313,6.3973913,8.999585,9.155213,9.445689,9.21081,8.934102,-0.0067847003,-0.006111184,-0.0046532494,-0.0055866903,0.001918306,-0.07667346,-0.07063108,-0.057551395,-0.06892927,-0.06975425
2007,9,6.3982778,6.1520305,5.8790164,6.098577,7.195997,8.7874775,8.844237,8.950173,8.868126,8.74465,-0.0074885115,-0.007214011,-0.0066198125,-0.005767763,-0.0022606328,-0.048421804,-0.045004565,-0.03760741,-0.045050062,-0.033783536
2007,10,9.199426,8.641535,8.023004,8.309521,11.521927,9.571694,9.832669,10.319774,9.993117,9.01641,-0.001800238,-0.0007847465,0.0014134459,-0.0017830991,-0.002756124,0.013732654,0.017870747,0.026828306,0.019945994,-0.0010156271
2007,11,10.673484,10.255642,9.792382,10.13851,13.078241,9.313746,9.489412,9.817284,9.600637,8.777555,-0.002270327,-0.001913923,-0.001142431,-0.0014778319,-0.0048802835,0.006097157,0.0075688194,0.010754465,0.0103527,-0.0031351836
2007,12,17.876492,16.021885,13.965694,15.33877,21.864618,9.047252,9.094642,9.183098,9.162254,8.536316,-0.0005655085,-5.9715752e-05,0.0010351522,0.00045162893,-0.002217053,0.07961944,0.072844766,0.05817991,0.06748294,0.06757159
2008,1,15.40715,13.1813755,10.713667,12.222291,22.727053,8.549729,8.508976,8.43291,8.520359,8.264765,0.0019019035,0.001827786,0.0016673486,0.0030496793,-0.0047416356,0.054399773,0.05035737,0.04160698,0.04740397,0.068542644
2008,2,10.374193,9.560441,8.658238,9.312203,14.638581,8.310343,8.248196,8.132197,8.253263,8.050675,-0.0010454667,1.2705437e-05,0.002303287,0.0023644294,-0.0015081121,0.014869771,0.009927417,-0.0007710968,0.004935354,0.0323089
2008,3,9.212314,8.443364,7.590832,8.257065,10.630716,8.354861,8.321337,8.258765,8.3210335,8.125589,0.0015381261,0.0015085022,0.0014443768,0.0026986406,0.0015808858,-0.041145116,-0.03848188,-0.032716874,-0.037838344,-0.029774664
2008,4,7.0697155,6.7368693,6.367843,6.703034,7.5678525,8.264251,8.286112,8.326918,8.310866,8.007405,0.002761166,0.003079342,0.0037680853,0.003507267,0.0001244493,-0.06799436,-0.062549695,-0.050763797,-0.05913318,-0.055259433
2008,5,6.3862844,6.173045,5.9366274,6.1765947,7.0113235,8.218602,8.300486,8.453321,8.357597,7.9574814,-0.0018315037,-0.0008341213,0.0013248713,-0.0014466591,-0.0025096857,-0.097892575,-0.0887479,-0.0689528,-0.08298831,-0.08633881
2008,6,6.589159,6.339535,6.0627794,6.3168964,7.5556164,8.125911,8.198597,8.3342705,8.238036,8.003444,-0.005482201,-0.003390943,0.0011359102,-0.0026975167,0.0013421623,-0.109743744,-0.099548474,-0.077479206,-0.09115817,-0.09462938
2008,7,6.972661,6.54666,6.0743556,6.463477,7.526394,8.247754,8.303223,8.406765,8.344217,8.235266,-0.0089672,-0.007702591,-0.004965143,-0.008737461,-0.00082027307,-0.061969247,-0.05839207,-0.050648715,-0.056697402,-0.05565759
2008,8,6.055912,5.878229,5.681235,5.8288894,7.0219274,8.753659,8.905584,9.1891575,8.956269,8.583637,-0.00070425856,-0.0021321776,-0.0052231373,-0.004412078,-0.0012729641,-0.03969182,-0.029537002,-0.007555305,-0.022213079,-0.035656814
2008,9,7.4833336,6.989404,6.4417872,6.848092,8.499415,8.574623,8.641962,8.767657,8.682182,8.517027,0.0018627464,0.0011292624,-0.00045848248,-0.00080966234,-0.002623581,-0.046474773,-0.038700964,-0.02187331,-0.03457856,-0.038833153
2008,10,9.2314,8.686198,8.081736,8.556166,10.828202,9.184718,9.392961,9.781653,9.497394,8.799572,-0.0011967471,-0.00091838907,-0.0003158388,-0.0029629539,-0.0011285003,-0.014711108,-0.012493819,-0.007694125,-0.01071074,-0.0138962725
2008,11,11.283538,10.225673,9.05282,9.670272,14.0257635,9.832997,10.058307,10.478847,10.221446,9.001687,0.0022190637,0.0009160948,-0.0019043867,0.00062490837,-0.002255469,0.053885482,0.058298673,0.06785175,0.060732596,0.043713525
2008,12,14.007018,12.768756,11.395902,12.3717375,16.088993,9.148238,9.245661,9.4275,9.339337,8.622795,0.001086082,0.0017188385,0.0030885413,0.0031573304,-0.0026369211,0.029650437,0.028615005,0.026373655,0.026239602,0.034266558
2009,1,9.498986,8.573391,7.547187,8.135105,12.688117,8.610633,8.590306,8.552368,8.627438,8.220233,-0.0067852275,-0.0056779217,-0.0032809854,-0.0051977066,-0.0011507305,0.038294476,0.03630017,0.031983193,0.035605177,0.030970834
2009,2,12.235568,10.895065,9.408856,10.522657,15.07364,8.546292,8.491832,8.390187,8.511615,8.234126,-0.0011384782,-0.0012577412,-0.0015159053,-0.00055381947,-0.0022384902,0.05559831,0.05067563,0.04001972,0.04851982,0.067020446
2009,3,11.659878,10.373389,8.947065,9.850437,16.451714,8.755526,8.706523,8.615054,8.711068,8.461341,-0.001382867,-0.0007878883,0.00050003675,0.00030790071,-0.00022269355,0.0030057142,0.0024116682,0.0011257605,-0.00094039633,0.011071706
2009,4,8.472339,7.9528656,7.376928,7.93871,9.575077,8.476222,8.503384,8.5540905,8.535544,8.162729,-0.0006123977,-0.00021495625,0.0006453674,-0.0010397907,0.0011671388,-0.09524538,-0.08452416,-0.061316367,-0.07780936,-0.09837181
2009,5,7.844626,7.4218273,6.953072,7.320523,8.995814,8.655683,8.802316,9.075999,8.892695,8.208776,-0.0026887858,-0.0012868126,0.0017479799,-0.002553772,0.00023762327,-0.06855758,-0.056960296,-0.031856094,-0.048818424,-0.06264654
2009,6,6.139486,5.9970565,5.8391457,5.984296,6.7706356,8.831805,8.971075,9.23102,9.043562,8.556175,-0.005858105,-0.0054291817,-0.004500715,-0.008137885,-0.0011576833,-0.0759629,-0.07091129,-0.059976254,-0.069687605,-0.058927193
2009,7,6.2858753,6.035038,5.7569356,5.9910274,7.0640078,8.482371,8.557295,8.69715,8.598139,8.43994,-0.006851773,-0.0049524745,-0.0008411364,-0.0038813672,-0.0014071424,-0.063493855,-0.056180373,-0.040349208,-0.05361759,-0.070478134
2009,8,5.926868,5.744792,5.542925,5.7095103,6.381462,8.881895,8.980347,9.164114,9.018864,8.666902,0.00018388993,-0.0014349631,-0.004939228,-0.002511075,-0.004446921,-0.025921911,-0.021366537,-0.011505722,-0.01660736,-0.005205046
2009,9,6.7113414,6.4674892,6.1971297,6.4306784,7.5048666,9.374715,9.590079,9.992051,9.70746,9.023074,-0.00087628316,0.00034241227,0.0029804725,0.0028352134,-0.0035603999,-0.011230884,-0.007074468,0.0019227403,-0.0035502233,-0.010544604
2009,10,8.798731,8.360543,7.874727,8.241876,10.404212,9.361702,9.505396,9.773602,9.624983,8.948742,0.0012556288,0.0016698475,0.0025664896,0.0040004523,0.00051418744,0.007132662,0.0093151955,0.014039639,0.008761229,0.018691046
2009,11,16.322586,14.612302,12.716119,13.485013,19.72243,10.112733,10.293632,10.631279,10.434635,9.211286,-0.0010844511,-0.0013919508,-0.00205758,-0.0011629971,0.002575553,0.06924039,0.072002746,0.07798229,0.07288426,0.0468725
2009,12,16.857254,15.289024,13.550336,14.656854,19.951893,9.474602,9.498454,9.542976,9.5519705,8.888285,-0.0016580324,-0.00080871023,0.0010297829,0.0015270761,-0.004147929,0.06813743,0.060099598,0.042700447,0.05514521,0.08848874
2010,1,20.27663,15.685461,10.595253,13.521192,29.420061,9.875191,9.811043,9.691307,9.82144,9.40532,-0.0014107788,-0.0006259581,0.0010729146,0.0021347804,-0.0020649158,0.12959312,0.119426206,0.09741838,0.10881694,0.14247395
2010,2,13.071035,11.37769,9.500287,10.406768,22.334257,10.21866,10.180682,10.109795,10.210395,9.696325,-0.0013158653,-0.0011187971,-0.0006922106,-0.00055775244,-0.0015867606,0.047494143,0.045888547,0.042412985,0.0437211,0.05945127
2010,3,13.911919,12.464847,10.860485,11.851589,20.327328,10.078612,10.087792,10.10493,10.141686,9.448636,0.0025856956,0.0017065477,-0.00019650755,0.0010137926,0.0023502803,-0.0059801666,-0.001159586,0.009275325,0.0033575976,-0.00213898
2010,4,11.00208,9.733205,8.326409,9.201405,15.641619,9.704469,9.780416,9.922174,9.863391,9.065679,-0.0020064525,-0.0017805933,-0.0012916835,-0.00088553235,0.0020820973,-0.024761222,-0.021676673,-0.014999668,-0.021703424,-0.022856507
2010,5,7.643007,7.435379,7.2051835,7.4702377,8.860964,9.385793,9.5546055,9.869696,9.663765,8.832573,-0.0027254887,-0.0014024664,0.001461424,-0.0025568744,0.0018978042,-0.10471843,-0.09643771,-0.07851284,-0.09448146,-0.091288775
2010,6,6.712344,6.458608,6.1772923,6.4467173,7.1985664,9.331632,9.523368,9.88124,9.630406,8.881747,-0.005415944,-0.0041814437,-0.0015091699,-0.004860653,-0.001183108,-0.11151989,-0.103187196,-0.08514979,-0.10085452,-0.0852431
2010,7,6.9962997,6.531536,6.016257,6.417475,7.7751417,8.471623,8.510561,8.583234,8.538508,8.46197,-0.010358076,-0.007536122,-0.0014275538,-0.0057794624,-0.004127656,-0.12509504,-0.113105685,-0.08715275,-0.104719415,-0.09641631
2010,8,6.2199802,5.9555936,5.6624684,5.903285,7.1082397,8.429478,8.499436,8.630005,8.5355625,8.391032,-0.0025784012,-0.0033177228,-0.0049180975,-0.008227332,-0.00020370458,-0.06028245,-0.055220697,-0.044263713,-0.04962501,-0.047074743
2010,9,6.600269,6.31405,5.9967213,6.183812,7.850522,8.72584,8.889238,9.194222,8.943294,8.596415,0.0004680531,-0.0028687099,-0.010091663,-0.006989759,-0.00020952737,-0.03239559,-0.022543121,-0.0012158973,-0.01362528,-0.04266974
2010,10,9.537904,8.97802,8.35728,8.751028,12.085191,9.290804,9.57767,10.113102,9.707387,8.817676,0.0015489294,-9.9046796e-05,-0.0036663525,-0.00069130637,-0.0007232147,-0.004334629,0.0049772346,0.025134243,0.013464861,-0.01235992
2010,11,11.547648,10.558447,9.461721,10.128611,15.757193,9.8545065,10.124286,10.627837,10.320924,8.943957,0.001983343,0.0017671132,0.0012990524,0.0027553374,-0.00063381024,0.031042382,0.033011433,0.037273765,0.034279697,0.033426605
2010,12,17.22952,13.788751,9.973983,12.095859,27.472775,9.471753,9.53419,9.6507225,9.624489,8.783241,-0.0010305828,-0.0015179218,-0.0025728429,-0.0004792379,0.00023791788,0.11676602,0.112928815,0.1046226,0.109122016,0.09761683
2011,1,9.8863325,8.997994,8.013098,8.651553,14.228556,9.215561,9.208955,9.196627,9.255481,8.682169,3.250964e-05,0.00083537854,0.002573315,0.0037073293,-0.0016339583,-0.00088804896,-0.0015083369,-0.002851048,-0.0041440246,0.008731777
2011,2,11.439099,10.429046,9.309203,10.236307,12.37977,8.82987,8.823143,8.810579,8.857511,8.415439,0.0005614572,0.0011047904,0.0022809212,0.0022440562,-0.002099021,-0.01255922,-0.01059643,-0.0063476665,-0.009019066,-0.008086148
2011,3,13.576571,11.305507,8.787588,10.356207,21.420898,8.812923,8.767352,8.682297,8.780045,8.437605,0.0012838468,0.0006601401,-0.00068996986,0.0011002531,0.0022038422,0.09342747,0.09154353,0.08746547,0.088881426,0.072402485
2011,4,8.374346,7.848272,7.265016,7.7866197,9.062395,8.815738,8.863854,8.95367,8.914651,8.392476,0.00034152254,0.00076455163,0.0016802667,0.0011374218,4.2304553e-05,-0.06844368,-0.062305726,-0.049019117,-0.05985378,-0.048519813
2011,5,6.2359633,6.07754,5.901896,6.1195674,6.454035,8.571752,8.684522,8.8949995,8.751038,8.24116,-0.0018930669,0.00013542468,0.004526417,0.00074015284,0.0008135066,-0.103907146,-0.09297895,-0.06932308,-0.08584294,-0.08162673
2011,6,5.6543818,5.560747,5.4569345,5.5596247,6.1275306,8.496481,8.634296,8.891537,8.709593,8.256422,-0.0048200316,-0.0027362944,0.0017742867,-0.0021327347,4.271514e-05,-0.103447914,-0.09372175,-0.07266793,-0.0866063,-0.085245356
2011,7,5.9346166,5.7446904,5.534122,5.717472,6.5114717,8.255084,8.323476,8.451135,8.36539,8.32615,-0.0098727895,-0.0064374194,0.0009989907,-0.003381843,-0.0011008721,-0.0886175,-0.08359343,-0.07271803,-0.0807308,-0.06918259
2011,8,5.9136705,5.717748,5.5005307,5.6764054,6.6113005,8.165367,8.195809,8.25263,8.215977,8.454487,-0.0044320514,-0.0033671714,-0.001062072,-0.004227942,-0.001933902,-0.068808936,-0.06678347,-0.062399037,-0.0686591,-0.064594865
2011,9,6.824581,6.615788,6.3842998,6.55309,7.6767926,8.616512,8.743051,8.979237,8.784549,8.6506815,0.00482588,0.0028770736,-0.0013414243,-0.0024290408,-0.004607887,-0.021193352,-0.017559603,-0.009693775,-0.01332183,-0.024526192
2011,10,8.470957,8.160801,7.816933,8.063127,10.286573,9.9760685,10.348856,11.044658,10.558857,9.11488,-0.0016257595,-0.0006974056,0.0013121637,0.0007265433,-0.0018507243,0.003446076,0.0070032445,0.014703299,0.009279663,-0.0021710906
2011,11,12.062099,11.046929,9.921416,10.804861,14.9626465,9.285137,9.434543,9.713404,9.536151,8.768128,0.0036622249,0.0019999123,-0.0015984314,0.0013110179,0.0014103723,0.0338786,0.03626961,0.041445307,0.03631347,0.021379711
2011,12,13.669583,12.739223,11.707733,12.738674,14.560429,8.806479,8.881126,9.02046,8.945726,8.361882,-0.0024106011,-0.0016670015,-5.7359208e-05,-0.00073461403,-0.005018808,0.018943496,0.015858853,0.00918164,0.01589591,0.028124195
2012,1,13.434485,11.845996,10.084845,11.229546,17.08093,8.577144,8.5773115,8.577619,8.615393,8.269693,0.00082659966,0.0011545846,0.0018645616,0.003116456,-0.0018418286,0.073139414,0.06857975,0.058709536,0.0641051,0.06507048
2012,2,9.953558,9.066304,8.082611,8.790439,15.654265,8.515991,8.484774,8.426506,8.505377,8.229376,-0.0019506117,-0.0008433139,0.0015536072,0.00017645142,-4.829991e-06,-0.0049643237,-0.007379697,-0.01260815,-0.009533017,0.0063792826
2012,3,12.754037,11.025134,9.108308,10.414628,16.832378,8.255955,8.218048,8.147287,8.225498,7.9836698,0.0028709397,0.0020702975,0.00033717934,0.0023606697,0.0024033603,0.06593494,0.06580852,0.0655349,0.0648775,0.032124896
2012,4,6.934131,6.552433,6.1292453,6.389147,9.200636,8.765038,8.79642,8.854992,8.837078,8.401258,-0.0045385994,-0.002393792,0.002248985,-0.0017002969,-0.0015774735,0.013155503,0.009497263,0.0015784273,0.0043888493,0.031367112
2012,5,7.095374,6.723994,6.312246,6.7050805,7.692167,8.629867,8.7264385,8.906688,8.782787,8.34825,-0.0018704289,-0.00011860895,0.0036734792,0.0005731195,-0.0013469069,-0.10461337,-0.09118996,-0.0621329,-0.08409279,-0.08323974
2012,6,5.730191,5.657079,5.576021,5.670729,5.9757485,8.585639,8.745454,9.043751,8.829578,8.303502,-0.001991542,-0.0005784461,0.0024804268,0.00025505497,-0.00040955073,-0.09904524,-0.087879635,-0.06370984,-0.08003127,-0.081914894
2012,7,5.6471143,5.524326,5.3881907,5.5050163,6.3009934,8.420041,8.533786,8.746089,8.57783,8.389377,-0.009010363,-0.0063319937,-0.0005342416,-0.004835916,-2.6675038e-05,-0.09803432,-0.09190908,-0.07864997,-0.087790795,-0.072890945
2012,8,5.9590807,5.7349296,5.486414,5.68014,6.601634,8.317385,8.377064,8.488458,8.405589,8.388503,-0.0028607193,-0.0033767861,-0.0044938903,-0.005908026,-0.0029562833,-0.055020522,-0.051066652,-0.042507924,-0.049039382,-0.030874131
2012,9,6.3948617,6.044484,5.6560225,5.9650464,7.1549964,8.383536,8.421442,8.492197,8.429109,8.431582,-0.006962894,-0.0058452412,-0.003425908,-0.006768626,-0.0019418406,-0.03426168,-0.031512126,-0.025560275,-0.031134736,-0.019552246
2012,10,8.801631,8.187508,7.5066314,7.948945,9.137917,8.888915,8.996518,9.197365,9.073414,8.581369,0.0018200157,0.0012723694,8.690145e-05,0.0018417616,0.00070090283,0.036751114,0.0429763,0.0564517,0.045765422,0.030034028
2012,11,13.359705,11.8378935,10.150668,11.062445,16.780909,10.293344,10.539418,10.998721,10.743908,9.113713,-0.004228037,-0.003965373,-0.0033967986,-0.0028776233,0.0041657155,0.14432602,0.14085208,0.13333213,0.13833404,0.09093899
2012,12,13.144335,11.126037,8.888357,10.266803,20.28559,10.44919,10.500721,10.596891,10.601489,9.404091,-0.0073526353,-0.0053531714,-0.0010250171,-0.003974332,-0.004383528,0.1437195,0.12913595,0.09756757,0.11570882,0.1358518
2013,1,10.390838,9.504616,8.522065,9.097307,13.327129,9.622214,9.656725,9.721137,9.733656,8.91379,-0.0015755806,-0.00092776876,0.00047452215,-0.003990181,-6.2104096e-05,0.0017620546,-0.00024723442,-0.0045966585,-0.0011271982,0.014726516
2013,2,11.66054,10.650697,9.531086,10.504463,12.6198015,8.989627,9.025319,9.091936,9.08451,8.49718,-0.0012050482,2.3930437e-05,0.0026842519,0.00010254755,-0.0010647327,-0.040033136,-0.036929287,-0.030210499,-0.03515185,-0.01651138
2013,3,8.458443,7.8584313,7.1932015,7.7236304,9.988035,8.718479,8.741176,8.783548,8.776573,8.332333,-0.002730271,-0.0016810156,0.0005902625,-0.000883293,0.00019650225,-0.03948341,-0.037613306,-0.03356518,-0.036793575,-0.015315668
2013,4,7.519404,7.143606,6.7269607,7.07953,8.326753,8.747082,8.82653,8.974827,8.885247,8.359998,-0.0030649453,-0.0021782985,-0.00025900686,-0.0019884498,-0.0004604389,-0.073596515,-0.06892397,-0.058809534,-0.06681844,-0.05184821
2013,5,6.7456765,6.465466,6.154797,6.411444,7.1755576,8.781943,8.969345,9.319135,9.065523,8.3790865,-5.1082803e-05,0.0009618376,0.0031544643,0.0008498898,-0.0010562309,-0.05592785,-0.0466661,-0.026617516,-0.041464668,-0.053148754
2013,6,6.401976,6.204126,5.9847703,6.1630807,7.022035,8.920727,9.14242,9.55621,9.244017,8.53266,-0.001874367,-0.0014199498,-0.00043629453,-0.0039630793,-0.0018312081,-0.060147945,-0.05494103,-0.043669842,-0.052046087,-0.04740796
2013,7,6.957839,6.454572,5.8966026,6.3125362,7.808285,8.555646,8.649632,8.825062,8.674031,8.562328,-0.008307777,-0.00684114,-0.0036663697,-0.007957524,-0.004978047,-0.078201815,-0.074224815,-0.06561597,-0.06985816,-0.05155731
2013,8,5.6266494,5.5163674,5.394099,5.470426,6.2584357,8.831286,8.930801,9.116547,8.96215,8.746222,-0.0034194384,-0.0036529787,-0.004158514,-0.005602037,-0.0025540595,-0.027602626,-0.022848474,-0.0125573855,-0.020503351,-0.01902873
2013,9,6.8563805,6.7006607,6.5280137,6.659743,7.5436788,10.042302,10.421376,11.128931,10.619855,9.352969,0.004500901,0.00352139,0.0014010824,0.0027761734,-0.00082894985,-0.003084389,0.0017139569,0.012100739,0.003277018,0.00042018897
2013,10,7.907797,7.6339803,7.3304005,7.618789,9.07371,9.727025,10.092308,10.774101,10.281684,9.119946,-0.0045947456,-0.0033385884,-0.0006194404,-0.0016453848,-0.0011206277,-0.018814156,-0.017094238,-0.0133712,-0.018040724,-0.013458606
2013,11,10.195696,9.612774,8.966491,9.446121,11.423365,9.082009,9.227112,9.497948,9.308702,8.770911,0.0019808197,0.0012157161,-0.00044047227,0.0002251771,-0.0011048545,0.010953662,0.010896136,0.010771613,0.011174282,0.015030107
2013,12,10.521777,9.685478,8.758278,9.603292,10.548193,8.61694,8.627256,8.646516,8.653478,8.365066,-0.0011659903,-0.0010449868,-0.00078305526,-0.0005826443,-0.0038154242,0.01587161,0.016659891,0.018366253,0.017418008,0.028331382
2014,1,11.831115,11.036429,10.155365,10.841916,11.565615,8.673449,8.63478,8.562612,8.644452,8.4643955,-0.00018386071,-0.0001444286,-5.907209e-05,0.00089779124,-0.0020724214,0.04417093,0.04200497,0.037316367,0.04108656,0.0529179
2014,2,11.658344,10.941914,10.147611,10.472916,13.534206,8.86166,8.76499,8.584554,8.775241,8.53864,0.0020800915,0.0020708935,0.0020509816,0.0032325338,0.0009762806,0.05264781,0.05059018,0.04613615,0.04754288,0.027467528
2014,3,10.21436,9.195424,8.065732,8.79693,12.376764,9.352881,9.338534,9.311764,9.375919,8.815758,-0.0017972187,-0.0009924127,0.0007497173,6.608988e-05,7.1278584e-05,0.04797402,0.048088055,0.048334904,0.045663845,0.031445794
2014,4,8.376644,7.675098,6.897297,7.492303,9.4836855,9.463022,9.556736,9.731664,9.632922,8.893497,-0.0024507607,-0.0008889761,0.0024917552,-0.00030095284,-0.0026627588,-0.01897845,-0.016764365,-0.011971636,-0.016062193,-0.005681649
2014,5,6.3073335,6.0843844,5.837202,6.026648,6.761454,9.627138,9.813906,10.1624975,9.914825,9.081125,-0.0016083186,-0.00056200434,0.0017029075,-0.00043065517,0.0013998544,-0.057098087,-0.053332474,-0.045181107,-0.05017897,-0.045366
2014,6,6.794164,6.567253,6.3156776,6.5595307,7.643016,8.837842,8.919561,9.07208,8.961085,8.678739,-0.0053358083,-0.0026809187,0.0030660082,-0.0029980005,-0.004592657,-0.1070969,-0.09450841,-0.06725861,-0.08621591,-0.094712585
2014,7,6.299349,5.999897,5.6678963,5.95147,6.9755473,8.830809,8.910563,9.059423,8.955373,8.806002,-0.0051055113,-0.004692774,-0.0037993349,-0.0059106187,-0.0026427775,-0.06426651,-0.05876313,-0.046850186,-0.05473868,-0.04671218
2014,8,6.137225,5.892824,5.621858,5.8238206,6.816401,8.723733,8.727802,8.735404,8.715999,8.8891945,-0.004025447,-0.0052832672,-0.008006013,-0.0076489965,-0.0035582616,-0.031646676,-0.02587236,-0.0133729605,-0.02121273,-0.023308175
2014,9,6.7848706,6.5014863,6.1872997,6.419156,7.4122076,9.472186,9.614222,9.879334,9.6963215,9.179327,0.0002061273,-4.7717414e-05,-0.0005972042,-0.00013664932,-0.00293881,0.01713036,0.021657476,0.031457134,0.025346717,0.02275999
2014,10,10.524301,9.721043,8.830473,9.350528,11.518836,11.258381,11.653941,12.392247,11.917883,10.050624,0.00037658005,-0.00016214585,-0.0013283027,0.0009906692,-0.00022262722,0.085581034,0.08655208,0.088654004,0.08617024,0.07298252
2014,11,13.6669655,12.927292,12.107219,12.105695,17.429173,12.15167,12.471345,13.068023,12.7545,10.467749,-0.007130261,-0.005100676,-0.00070731645,-0.0040026912,7.384305e-05,0.08257531,0.073016405,0.052324615,0.06441801,0.06849827
2014,12,15.989053,13.565047,10.8775625,12.454928,22.046988,12.274323,12.338439,12.45811,12.468944,10.833642,-0.0037891003,-0.0026188463,-8.564567e-05,-0.0001126676,-0.009175485,0.13422656,0.1166684,0.07866097,0.09850626,0.14411649
2015,1,12.081422,11.274816,10.380534,10.848682,18.38489,11.379321,11.452518,11.589144,11.576271,10.343477,-0.0035069303,-0.0031479893,-0.0023710057,-0.0013177611,0.0006973507,0.027979592,0.02386814,0.014968268,0.02024664,0.044456225
2015,2,12.218512,10.605828,8.817854,9.936295,16.667774,11.368391,11.423929,11.5275955,11.514201,10.441627,-0.00080316624,-0.0007708052,-0.0007007543,-0.00040391387,-0.002005812,0.020510213,0.017383449,0.010615082,0.014867633,0.028571328
2015,3,11.503437,10.498225,9.383752,10.261046,13.293665,10.76663,10.912216,11.18395,11.028633,9.934719,0.0014982452,0.0011812524,0.0004950711,0.0020207749,-1.3918801e-05,-0.033735946,-0.025499523,-0.007670486,-0.021693515,-0.025421912
2015,4,7.9660363,7.488486,6.9590287,7.454989,8.7703,10.280848,10.428503,10.704101,10.526609,9.582917,-0.0012742276,-0.0002193951,0.0020639559,-0.00021118663,-0.0016390679,-0.098585956,-0.090365686,-0.072571605,-0.0852828,-0.07839284
2015,5,6.7091904,6.465768,6.195887,6.44241,7.4274993,9.327273,9.40741,9.556986,9.466493,9.07736,-0.007924324,-0.0051018847,0.0010077285,-0.0041978606,-0.002556512,-0.10989966,-0.10125823,-0.08255245,-0.09399081,-0.08330262
2015,6,7.324951,6.8635592,6.352017,6.788382,8.178891,8.986752,9.035102,9.125345,9.075,9.036734,-0.011966398,-0.009005711,-0.002596844,-0.0065864096,0.0011261685,-0.09693825,-0.08954597,-0.07354425,-0.08420691,-0.080967255
2015,7,5.9471607,5.7418876,5.5143013,5.6905146,6.8341656,9.508867,9.612739,9.80661,9.648107,9.473484,-0.007590997,-0.008483465,-0.010415356,-0.010757891,-0.002832389,-0.02613193,-0.02271969,-0.015333346,-0.02045487,-0.024108285
2015,8,6.2950244,6.034552,5.7457685,5.9553237,6.9058437,9.555496,9.606016,9.700314,9.641266,9.579538,0.0019625833,0.001590361,0.00078462734,0.00043919013,-0.003961043,-0.013464948,-0.009193874,5.154059e-05,-0.0058218734,-0.022323797
2015,9,7.193341,6.7773976,6.316245,6.6820498,8.372337,10.041642,10.2274685,10.574313,10.331554,9.781973,0.0001379768,0.0006703222,0.0018226678,0.0012785243,-0.0047193184,-0.0038117324,-0.002093937,0.0016245017,-0.0012521434,0.016824208
2015,10,8.57345,8.167895,7.718259,8.071194,9.181472,10.361704,10.564614,10.943352,10.685576,10.011084,0.0028596832,0.0017525605,-0.0006439814,0.0016199606,-0.0035112,0.026622863,0.026216103,0.025335634,0.025786307,0.03737676
2015,11,12.396855,11.696526,10.920075,11.441123,13.042542,10.9953375,11.192377,11.560144,11.351558,10.095581,0.00029717345,0.00033445112,0.00041514446,0.0018123204,-4.7667676e-05,0.043251533,0.044326976,0.046654936,0.041273583,0.038769912
2015,12,17.627237,15.06205,12.218038,14.166348,20.692627,11.068774,11.0379,10.980258,11.086087,10.34265,-0.0029110003,-0.0019101617,0.0002563143,4.7033423e-05,-0.0015057694,0.11117164,0.10143099,0.08034589,0.0917637,0.13455614
2016,1,14.398888,11.728808,8.768506,10.379641,26.872532,10.724849,10.616459,10.4141445,10.606317,10.269405,0.00059254136,-0.000116338066,-0.0016508194,0.0007288312,0.0006820895,0.09570299,0.088805094,0.07387356,0.080392994,0.10176306
2016,2,8.722984,7.7690516,6.711432,7.3467984,16.032812,10.7198,10.668534,10.572848,10.67902,10.125237,-0.005269253,-0.003390558,0.00067617657,-0.001045647,0.00021607475,0.037855733,0.03849656,0.039883733,0.035121955,0.037111897
2016,3,13.304644,10.93819,8.314515,9.877742,22.033592,10.769718,10.75818,10.736635,10.782946,10.127086,0.0027670427,0.0021068486,0.0006777532,0.0027020387,0.0022063772,0.036024462,0.03724194,0.039877348,0.032887537,0.054344967
2016,4,7.420144,7.156217,6.863602,7.1652875,7.8677454,10.437475,10.579907,10.845745,10.68722,9.738928,-0.0004961858,-0.0011073931,-0.0024304488,-0.0023085622,0.0012629543,-0.08120791,-0.0693422,-0.043656997,-0.06277263,-0.08265679
2016,5,6.4676332,6.3355713,6.189153,6.3837023,7.163781,9.743635,9.865179,10.092044,9.951069,9.287741,-0.0074837,-0.004704528,0.0013114274,-0.005048406,-0.004630727,-0.12964526,-0.11877786,-0.09525361,-0.115101546,-0.10429251
2016,6,5.838168,5.681899,5.5086446,5.6476784,6.638553,9.282189,9.395918,9.608185,9.462533,9.030369,-0.011527619,-0.008068654,-0.0005811836,-0.0053878026,-0.0012627199,-0.102396555,-0.093926124,-0.075590536,-0.08898888,-0.07705334
2016,7,6.2349033,6.0067177,5.7537293,5.9549613,7.375921,8.9668045,9.057907,9.227944,9.109716,8.862009,-0.01012951,-0.0073587634,-0.0013610391,-0.0047187083,0.0024651287,-0.11242525,-0.10422089,-0.08646132,-0.09783039,-0.09099218
2016,8,6.620103,6.219651,5.775672,6.093925,7.397613,8.743753,8.782518,8.854873,8.812195,8.81248,-0.015174574,-0.01322434,-0.009002744,-0.013344605,-0.0028481262,-0.043032505,-0.042398263,-0.041025314,-0.045248635,-0.023178533
2016,9,6.599269,6.2262154,5.8126116,6.099522,7.7043486,9.311722,9.438473,9.675056,9.459924,9.194994,-0.0066410494,-0.0076214178,-0.009743575,-0.007802894,-0.0011581489,-0.01427219,-0.0076175057,0.006787625,0.00010426201,0.00034848484
2016,10,10.524948,9.590699,8.554904,9.036946,13.439666,10.705945,11.006992,11.568892,11.217305,9.721599,0.0026425798,0.0021392703,0.0010497688,0.003875569,-0.001140501,0.10427248,0.10646004,0.1111954,0.10916279,0.07329199
2016,11,14.2989645,11.9600525,9.366911,10.665925,22.393532,12.51087,12.704876,13.066989,12.9027,10.853464,-0.0036257973,-0.0023565516,0.00039093493,-0.0006103479,-0.0012848773,0.12235495,0.11040713,0.08454412,0.09993694,0.098539226
2016,12,11.77491,11.260942,10.691108,11.02667,16.735199,11.195484,11.323817,11.563353,11.462221,10.044559,-0.0017465854,2.0045245e-05,0.0038441983,0.001623119,-0.0031667994,-0.0014546971,-0.0063948752,-0.017088672,-0.010427031,0.01673832
2017,1,14.368508,12.846572,11.159209,12.01673,21.422298,9.913576,9.867534,9.781592,9.898497,9.320804,-0.001335651,-0.00037633118,0.0017002673,0.002064202,-0.005149966,0.086379096,0.076273106,0.05439704,0.06784374,0.10873436
2017,2,11.248713,10.149986,8.931833,9.523446,16.724104,9.815966,9.747389,9.619392,9.752862,9.375464,-0.005540591,-0.0036895778,0.00031723798,-0.0012741825,-0.0013967701,0.09284746,0.0825453,0.060244624,0.072016805,0.08618366
2017,3,8.967646,7.9166956,6.751512,7.4414167,13.353688,9.734268,9.704222,9.648139,9.738992,9.250981,-0.003051233,-0.0027084663,-0.0019664983,-0.0023759012,0.007338885,0.03518022,0.03869221,0.04629448,0.037768215,-8.326401e-05
2017,4,9.133016,8.178065,7.119317,7.733918,12.201084,9.844992,9.882166,9.951548,9.934709,9.27373,-0.0018001077,-0.0017306195,-0.0015802026,-0.0012847326,0.0056868647,0.011021971,0.01331274,0.018271472,0.01146323,-0.008689096
2017,5,6.20015,5.998947,5.775875,5.988966,6.548205,9.568672,9.682339,9.894495,9.751885,9.130195,-0.0035755169,-0.0023567707,0.00028139487,-0.0028458082,-0.002364648,-0.10704544,-0.09442536,-0.06710713,-0.08683306,-0.08997182
2017,6,5.8107386,5.69519,5.5670815,5.6912193,6.2631555,9.491236,9.688275,10.05605,9.78018,9.175348,-0.0043756817,-0.00261928,0.0011827308,-0.0034466588,-6.553078e-05,-0.089101404,-0.07967916,-0.05928326,-0.075154096,-0.06690268
2017,7,6.261245,6.011014,5.7335844,5.9463267,7.356895,9.002615,9.018759,9.048891,9.026874,9.178614,-0.01049349,-0.0077665728,-0.0018637255,-0.0049685193,0.003045128,-0.11168677,-0.102270246,-0.08188662,-0.09499272,-0.08467493
2017,8,6.4317102,6.1091275,5.751483,6.013418,6.970904,9.104052,9.127314,9.170734,9.127323,9.301474,-0.006732351,-0.0072467513,-0.008360253,-0.011438983,-0.0034011824,-0.03931379,-0.039188195,-0.038916305,-0.04161775,-0.041051332
2017,9,6.042433,5.765218,5.45787,5.660102,6.9079366,9.420448,9.494068,9.631478,9.49589,9.41549,0.0027568722,6.413653e-05,-0.005764718,-0.0031255025,-0.0047650095,-0.011653819,-0.006483026,0.004709975,-0.0005843153,-0.016670099
2017,10,7.7736144,7.3501706,6.8807006,7.224131,8.747446,9.467246,9.588246,9.814104,9.65638,9.209118,0.002415783,0.0015901682,-0.00019700624,0.0012839317,-0.0046622506,-0.0049042944,-0.001444414,0.0060450393,-0.0005809498,-0.0011273901
2017,11,13.522606,12.006399,10.325389,11.347587,16.794727,10.158537,10.2733135,10.487544,10.380464,9.4418545,0.00127936,0.0008100224,-0.00020593153,0.0025523684,0.000107751875,0.10672698,0.10673358,0.106748015,0.106650315,0.090037264
2017,12,12.464408,11.523764,10.480873,11.045123,15.664557,10.140744,10.219825,10.367436,10.3156805,9.45691,-0.0034718479,-0.0021764482,0.0006276495,-0.0010974417,-0.0036381683,0.019032368,0.014894187,0.0059364527,0.013203885,0.032165404
2018,1,17.409515,14.083031,10.394974,12.4218025,24.482195,10.006402,9.979708,9.929884,10.02272,9.428453,-0.00056407857,-0.00061474595,-0.0007244279,0.0008718515,0.00037299254,0.086392395,0.08389434,0.07848686,0.08081158,0.08191449
2018,2,11.773904,10.747548,9.609634,10.642838,13.369551,9.663891,9.66742,9.674013,9.69771,9.179339,-0.002468571,-0.0010357277,0.002065891,0.00063915644,-0.0048568314,-0.051508427,-0.049091257,-0.043858916,-0.049982958,-0.029317861
2018,3,10.364846,9.398832,8.327819,9.075984,13.848276,9.261813,9.247781,9.221587,9.260356,8.899758,0.0016371331,0.0011682196,0.0001531805,0.0024676174,-0.0018624972,0.032748185,0.033968784,0.036610965,0.033418108,0.029365772
2018,4,9.105761,8.337817,7.4864025,8.092402,10.851078,9.449842,9.520036,9.651053,9.576977,8.962552,0.0014342535,0.00097240007,-2.735481e-05,0.0010617399,0.00044278486,-0.022474851,-0.015818506,-0.0014097891,-0.011574876,-0.034100518
2018,5,6.162053,5.9838567,5.7862906,5.974414,6.534392,9.304559,9.408712,9.6031275,9.466335,8.937832,-0.0010016426,0.00032540716,0.0031980174,0.000537754,-0.0018071574,-0.09574182,-0.09035521,-0.07869513,-0.08626786,-0.07660977
2018,6,5.8522987,5.7652936,5.6688313,5.7566257,6.3627596,9.062097,9.190251,9.429453,9.242962,8.902201,-0.005658868,-0.0033715141,0.0015798259,-0.0016435033,0.0011606659,-0.105564676,-0.094515294,-0.07059712,-0.08584653,-0.09621253
2018,7,6.444711,6.1506824,5.8246937,6.0795035,7.089524,8.798633,8.859555,8.973261,8.897428,8.86971,-0.008777356,-0.006269249,-0.0008400529,-0.004683365,-0.0019522624,-0.070086025,-0.06546925,-0.055475466,-0.06341764,-0.06063618
2018,8,5.7320905,5.572272,5.3950825,5.5306497,6.237409,9.082079,9.111186,9.16552,9.10397,9.079501,-0.0024276695,-0.0025354673,-0.0027688085,-0.004049654,-0.0014989178,-0.037739065,-0.03440484,-0.027187375,-0.029215913,-0.025739769
2018,9,6.6399307,6.3058367,5.9354277,6.2209744,7.3170414,9.147201,9.255508,9.457667,9.302133,9.0565195,-0.0022772565,-0.0015400521,5.574371e-05,-0.0011666028,-0.0009984366,-0.021963924,-0.016605068,-0.0050049843,-0.014007772,-0.0304693
2018,10,8.17585,7.8106046,7.4056597,7.747199,8.691022,9.459168,9.631374,9.952798,9.731819,9.174723,0.002546139,0.0022140522,0.0014951961,0.0026864,-0.0014815376,0.018347051,0.017317347,0.015088388,0.016980277,0.023803517
2018,11,9.259951,8.547258,7.7571006,8.31776,10.354734,9.730877,9.908812,10.240932,10.022092,9.236879,0.00069412315,0.00033385496,-0.00044600203,0.0011226692,-0.0011544875,0.050205015,0.051344212,0.05381017,0.052591097,0.04701007
2018,12,16.529955,14.388255,12.013762,13.499032,18.957544,10.285388,10.296181,10.316327,10.358191,9.582996,-0.0022816025,-0.0017763686,-0.0006827101,0.00016782012,0.0005890494,0.104746826,0.09751498,0.08186043,0.08994982,0.09184467
2019,1,18.511423,15.90312,13.011306,14.472532,24.846537,10.30519,10.236633,10.108673,10.252997,9.706597,-0.0037627446,-0.0028551384,-0.0008904787,-0.0013280218,0.00018588708,0.08946641,0.080019586,0.059570383,0.06977086,0.08523092
2019,2,13.418053,12.534683,11.555295,12.030008,21.252853,10.034957,9.966717,9.839353,9.988149,9.526948,-0.0020328043,-0.001126736,0.00083459355,0.00015685546,-0.0036349883,0.040551405,0.033469528,0.018139688,0.025384948,0.04860639
2019,3,9.021855,8.850985,8.661541,8.622515,12.778436,9.805721,9.769447,9.701744,9.807274,9.242836,-0.001564397,-0.001062082,2.5260264e-05,0.00061734376,-0.002279372,0.01198676,0.0076406724,-0.001767127,0.003369854,0.020293226
2019,4,7.54134,7.1162863,6.6450315,6.968298,9.263525,10.073002,10.147953,10.287853,10.22316,9.444817,-0.0033459326,-0.0023128204,-7.6488745e-05,-0.0026248721,-0.00035176752,-0.035262395,-0.033715084,-0.030365665,-0.035668753,-0.025972128
2019,5,7.4244037,6.898388,6.3151975,6.783593,8.017053,9.616407,9.754902,10.013403,9.83291,9.207582,2.5516942e-05,0.00039163456,0.0011841534,-0.00049543753,-0.0021085786,-0.062273085,-0.05338276,-0.034138262,-0.04841075,-0.06562092
2019,6,6.813662,6.4923477,6.1361084,6.4436264,7.8535724,9.108229,9.173323,9.294817,9.204498,9.014795,-0.0066642044,-0.00438638,0.0005443321,-0.0026790742,-0.0031244762,-0.09517491,-0.08681002,-0.06870291,-0.079793915,-0.08704834
2019,7,5.7331276,5.585442,5.4217043,5.55217,6.554466,9.513051,9.6502495,9.906324,9.704894,9.435329,-0.0051313727,-0.004201186,-0.0021876537,-0.004660267,0.0008884168,-0.069379084,-0.0647175,-0.054626763,-0.06317089,-0.04848765
2019,8,5.5650816,5.4474506,5.317034,5.414536,6.492694,9.451612,9.558262,9.75732,9.561568,9.638373,0.0010949275,0.00019282337,-0.0017599219,-0.0018879578,0.00054683135,-0.0630679,-0.056942828,-0.04368419,-0.051004678,-0.05462961
2019,9,5.8665376,5.7562714,5.63402,5.7222333,6.9788985,9.926149,10.1781645,10.648547,10.253501,9.735001,0.001202198,7.163534e-05,-0.0023756456,-0.0011704082,-0.0044961465,-0.024832532,-0.0190616,-0.0065694856,-0.015311453,-0.011491231
2019,10,8.139304,7.6450615,7.0970964,7.5527186,9.459862,9.38335,9.512259,9.752869,9.563414,9.240832,0.0034526645,0.003054311,0.002192012,0.0030574505,-0.0038641815,-0.026813015,-0.023273107,-0.015610389,-0.022193927,-0.016209148
2019,11,10.440381,9.465324,8.384284,9.220192,10.575534,9.047181,9.084009,9.152761,9.124687,8.86822,0.0014824498,0.0015270523,0.001623601,0.0021108186,-0.0047045345,0.016513225,0.012747905,0.0045972797,0.009141703,0.038456917
2019,12,12.031695,10.725909,9.278191,10.293406,13.037435,9.434763,9.357418,9.213054,9.378565,9.162917,0.0019981621,0.0015686629,0.00063894363,0.0033118848,0.00066521834,0.08963273,0.08826378,0.08530052,0.08725226,0.07962762
2020,1,17.211653,14.0595875,10.56491,12.430212,25.165266,9.793277,9.721901,9.58868,9.734023,9.393916,-0.0016458422,-0.0013666141,-0.00076218095,-0.00036210893,0.0036252753,0.11638229,0.112599805,0.10441205,0.108877234,0.06844743
2020,2,10.047936,8.905446,7.638774,8.7465725,12.52888,9.603755,9.578786,9.532187,9.599569,9.204022,-0.0039531104,-0.002043521,0.0020900865,-0.0009160386,-0.0055219936,-0.037621066,-0.034211967,-0.026832443,-0.035391267,-0.015410529
2020,3,9.610176,8.870664,8.050772,8.792476,9.544755,9.1834345,9.192269,9.208764,9.216112,8.859115,0.000749997,0.0012839617,0.0024398137,0.0016356221,-0.0025629243,-0.04288844,-0.036184575,-0.02167299,-0.031090816,-0.031639334
2020,4,8.11142,7.5732813,6.976649,7.470214,8.716176,9.287736,9.363099,9.50376,9.423672,8.889529,0.0004254874,0.00023945128,-0.00016325715,-0.00040378215,-0.0014840227,-0.05046846,-0.046111625,-0.0366806,-0.04273181,-0.042117983
2020,5,7.4422693,6.95657,6.4180775,6.7897305,8.414207,9.95214,10.188976,10.6310215,10.331539,9.26425,0.0006260582,-0.0008251319,-0.003966463,-0.003318828,0.0022531901,-0.039368663,-0.03445706,-0.023825118,-0.030109832,-0.038662154
2020,6,5.9133143,5.74665,5.56187,5.726632,6.801201,9.506703,9.657553,9.939117,9.725864,9.2280445,-0.0001393825,0.0011514727,0.0039457306,0.0013872209,-0.0019628315,-0.09656736,-0.08624927,-0.06391412,-0.07889864,-0.08746522
2020,7,6.1565175,5.974469,5.772632,5.9282556,6.9258347,9.110178,9.189355,9.337138,9.219812,9.023921,-0.003547437,-0.0014455969,0.0031041768,-0.0011744361,-0.006200467,-0.10013164,-0.0914187,-0.072558105,-0.08344895,-0.083799474
2020,8,6.43292,6.111054,5.754201,6.0188556,7.1602573,9.268172,9.377374,9.581199,9.423776,9.183715,-0.0058419486,-0.0042292727,-0.00073838193,-0.0064812843,-0.002824579,-0.06780449,-0.0637241,-0.054891434,-0.061801996,-0.05290595
2020,9,7.0610704,6.6937456,6.286495,6.554162,7.713477,9.885257,10.105269,10.51593,10.218678,9.5328665,0.002782138,0.001913006,3.163162e-05,8.952654e-05,-0.0026626512,-3.47383e-05,0.004581536,0.014574196,0.007867171,-0.0070467414
2020,10,8.223961,7.9087267,7.5592275,7.8675523,9.184501,10.339046,10.664427,11.271756,10.845332,9.651887,0.0017873661,0.0016489058,0.0013491879,0.0015061235,-0.0052087614,-0.02946269,-0.029015232,-0.028046649,-0.027634805,-0.032787796
2020,11,10.702864,10.017944,9.258576,9.649612,13.488634,9.568819,9.708793,9.970048,9.801933,9.083375,0.0025946721,0.001525281,-0.0007895867,0.0006365649,0.0006861987,0.013367758,0.017919043,0.02777102,0.020055361,0.0079582045
2020,12,13.041532,11.576017,9.951209,10.797643,17.89897,9.469772,9.550353,9.700761,9.628589,8.963697,0.0010815081,0.0006438614,-0.000303491,0.00025063648,0.0003731094,0.034843832,0.035477165,0.03684813,0.03601897,0.03764762
2021,1,14.450084,12.423927,10.177536,11.51865,19.914858,9.505381,9.51831,9.542439,9.56008,9.033965,-0.0007961639,-0.000302139,0.00076725456,0.0023891164,-0.0009816403,0.07215515,0.06783146,0.058472186,0.062904276,0.0764045
2021,2,10.608796,9.746727,8.790954,9.384618,14.625412,9.178741,9.158377,9.120364,9.179075,8.808187,-0.002425063,-0.0015331646,0.00039749066,-0.0012789331,-0.001806032,-0.0030078064,-0.008706785,-0.021043137,-0.015309114,0.0021300782
2021,3,11.305989,10.191624,8.95613,9.946085,13.630658,8.871479,8.849748,8.809183,8.850722,8.55736,0.0015168698,0.001427803,0.0012350027,0.0025137432,0.0010718046,-0.03510031,-0.03212986,-0.025699839,-0.03138853,-0.03435323
2021,4,7.4256873,7.163425,6.8726554,7.2232714,8.114511,8.590587,8.6358185,8.720247,8.676911,8.322676,-0.0028238215,-0.0005305463,0.0044336133,-1.077398e-06,-0.003753948,-0.09122977,-0.08133497,-0.05991606,-0.07563361,-0.072548494
2021,5,7.2044506,6.855664,6.4689665,6.810179,8.372301,8.524588,8.610013,8.769451,8.660217,8.32557,-0.0060141934,-0.0035108973,0.0019078823,-0.0031946935,-0.0014827917,-0.09842894,-0.09043838,-0.07314148,-0.08628759,-0.08743268
2021,6,6.3874183,6.124921,5.8338914,6.061198,7.3760285,8.9698105,9.128737,9.425369,9.212335,8.742044,-0.005283112,-0.0039545563,-0.0010786868,-0.0021975706,-2.5178444e-05,-0.06855407,-0.05964391,-0.040356487,-0.0561439,-0.07014745
2021,7,7.0051928,6.4820433,5.902027,6.334205,7.9736876,8.690238,8.760787,8.892469,8.779447,8.69012,-0.010072525,-0.00875889,-0.0059153186,-0.011232765,-0.004726132,-0.05842271,-0.059281897,-0.061141696,-0.063293286,-0.059350282
2021,8,6.6274056,6.295066,5.9266024,6.219582,7.6275964,8.691699,8.714176,8.756127,8.701961,8.77751,-0.0013812507,-0.00396788,-0.009567052,-0.0072174463,-0.002858594,-0.042095006,-0.041612532,-0.04056814,-0.038086835,-0.032623596
2021,9,7.0195923,6.6499615,6.2401533,6.5505857,8.013353,8.931013,9.022842,9.194236,9.059587,8.853581,0.00403929,0.0011546921,-0.0050894786,0.0012743693,0.0037534304,-0.02763926,-0.018155213,0.0023745063,-0.009901054,-0.026779018
2021,10,10.271945,9.6319,8.922285,9.455878,12.971084,9.725201,9.950964,10.37235,10.089191,9.150269,0.001001432,0.0018662221,0.0037381975,0.0026560274,-0.0006104461,0.03202507,0.03601954,0.044666227,0.037081163,0.02207022
2021,11,14.362654,12.759003,10.981043,11.944519,18.826727,11.026225,11.229939,11.610161,11.414833,9.808247,0.00024154318,0.0011571109,0.0031390004,0.0026986504,0.0021924202,0.07406998,0.067766815,0.05412263,0.06204967,0.039372113
2021,12,15.008183,12.965528,10.700844,12.204677,18.364971,10.305309,10.398843,10.573423,10.50845,9.40309,-0.0014740878,-0.0013096586,-0.0009537258,0.000257259,-0.0017473028,0.07436202,0.06858513,0.05608013,0.062691875,0.061535105
2022,1,11.24213,10.093462,8.819939,9.387406,17.152468,9.679373,9.638839,9.563184,9.670895,9.056711,-0.0045222156,-0.0029214714,0.0005435931,-0.0007841323,0.0009154407,0.061647255,0.053975377,0.03736839,0.046254177,0.066958815
2022,2,13.574269,12.224041,10.727048,12.161731,14.562611,9.205644,9.168981,9.100549,9.174033,8.795565,0.00029195173,0.0012256058,0.0032466485,0.0028208815,-0.0016931484,-0.051604584,-0.04860235,-0.042103574,-0.04711549,-0.037564274
2022,3,10.705821,9.7068815,8.599362,9.4356985,12.325357,8.937855,8.902445,8.836359,8.901956,8.631123,-0.0014347157,-0.0013426417,-0.0011433315,-0.0010678493,-0.0001762537,-0.018468292,-0.014157392,-0.0048257727,-0.012085932,-0.014063584
2022,4,7.7847967,7.3276114,6.8207335,7.2477846,8.3974495,8.894536,8.930315,8.997102,8.966039,8.5470085,0.0007965305,0.00039487367,-0.00047457693,-0.0001356683,0.0039198417,-0.058684282,-0.051103085,-0.034692384,-0.04719037,-0.0668915
2022,5,6.653605,6.3824854,6.0818954,6.34648,7.250059,9.039122,9.18937,9.469816,9.28261,8.535181,-0.00140838,-0.0009516017,3.716681e-05,-0.0014099561,0.0011901594,-0.07051559,-0.0624119,-0.04487016,-0.05800111,-0.07557018
2022,6,5.7189317,5.614687,5.499112,5.601817,6.006225,9.130319,9.347041,9.751554,9.452871,8.680691,-0.00092152413,0.00029322584,0.0029227412,-0.0003938472,-0.0007190486,-0.0782768,-0.07135441,-0.0563698,-0.0674747,-0.06959832
2022,7,5.5705395,5.440571,5.296475,5.4189544,5.9107466,8.805365,8.883675,9.029832,8.92736,8.692117,-0.0072468533,-0.004487428,0.0014857899,-0.002195905,-0.00035984314,-0.08132783,-0.079180576,-0.074532464,-0.07942764,-0.0690624
2022,8,5.57723,5.4569097,5.3235106,5.425442,5.7973337,9.056337,9.15492,9.338915,9.211098,8.850001,-0.0006927444,3.9569672e-06,0.001512078,-0.0013797082,-0.0030032492,-0.03356104,-0.030528149,-0.023962993,-0.029005315,-0.025952773
2022,9,5.8314195,5.6731377,5.497652,5.6068015,6.2198186,9.108144,9.199184,9.369102,9.251326,8.935011,-0.00049335306,-0.001064323,-0.002300279,-0.0034275001,-0.0032629913,-0.021051614,-0.0181298,-0.011805068,-0.01812663,-0.012740371
2022,10,6.4872665,6.211727,5.906238,6.1190658,7.3185782,9.252435,9.36408,9.572457,9.441382,9.044489,0.0006038484,-0.00046301342,-0.0027724062,-0.00048539293,-0.0019932592,-0.010146965,-0.008544651,-0.0050761728,-0.008680443,-0.007979331
2022,11,9.393702,9.066198,8.703097,8.819239,11.953788,9.20344,9.326296,9.555597,9.418375,8.803887,0.001799973,0.0012575341,8.334016e-05,0.00180937,-0.00084264216,0.014657513,0.01754228,0.023786824,0.018447718,0.020790178
2022,12,15.956919,14.523314,12.933883,13.684898,18.337471,9.085099,9.065654,9.029365,9.100734,8.727327,0.0013781487,0.00078639586,-0.0004945441,0.0018398674,0.0002093647,0.105652474,0.102226526,0.09481052,0.09947458,0.089948334
2023,1,16.033201,12.933211,9.496266,11.571487,23.107975,9.65095,9.565257,9.40531,9.556599,9.318125,-0.006061952,-0.0045342445,-0.0012272786,-0.0030400092,-0.005649739,0.09300278,0.08301558,0.061396714,0.07253285,0.11613577
2023,2,17.25722,15.586199,13.733544,15.281161,22.203474,9.20778,9.154778,9.055844,9.146615,8.953441,-0.00030603175,0.00042162242,0.001996745,0.0019994988,0.0027278368,-0.051552914,-0.042017594,-0.021376884,-0.035590965,-0.054504406
2023,3,11.852487,10.739306,9.505132,10.20577,15.712594,8.749229,8.693918,8.590681,8.686861,8.522198,0.0022751202,0.0016487886,0.00029299545,0.0019388408,-0.0010946856,0.015879586,0.020567877,0.030716414,0.023326183,0.004175479
2023,4,9.3148155,8.345098,7.2699785,7.978491,12.760036,8.939752,8.94522,8.955425,8.968263,8.641781,0.00019980606,2.4639401e-05,-0.0003545362,0.00021701399,0.0036595173,-0.007470137,-0.0010819967,0.012746142,0.0012107005,-0.00817778
2023,5,6.6270714,6.322467,5.9847536,6.2984157,7.0400987,9.133585,9.215954,9.369698,9.269475,8.833807,-0.001431308,-0.0007066821,0.00086188514,-0.0002823384,-0.0024838846,-0.07233177,-0.068217516,-0.059311543,-0.064884335,-0.053991932
2023,6,6.869836,6.543115,6.1808825,6.4929905,7.7353687,8.891193,8.934738,9.016016,8.968838,8.797959,-0.0031869963,-0.0014474532,0.0023180605,-0.001177111,-0.0039969627,-0.09275283,-0.08910165,-0.08119806,-0.087656334,-0.07342563
2023,7,6.183272,5.899187,5.5842233,5.8359847,6.93699,8.984014,9.031226,9.119339,9.057667,9.0005865,-0.004747318,-0.0042496896,-0.0031724926,-0.007712345,-0.0040814993,-0.072337285,-0.07007026,-0.06516295,-0.07297554,-0.06685252
2023,8,5.921359,5.7097993,5.4752436,5.655376,6.4931803,9.188954,9.223611,9.288294,9.214664,9.29896,-0.0014810051,-0.0024649159,-0.0045947465,-0.006570804,-0.0035500797,-0.036682427,-0.034888703,-0.031005919,-0.031133156,-0.024331331
2023,9,7.12278,6.7672005,6.372971,6.6377645,7.759437,9.67691,9.775483,9.959468,9.822802,9.4520645,0.0030954562,0.0022362194,0.0003762654,0.0030898082,-0.0035570872,0.0032386181,0.004675304,0.007785244,0.0067374315,0.003700772
2023,10,9.6116295,9.026238,8.377217,8.832457,10.845132,10.558772,10.886652,11.498647,11.085366,9.821896,-0.00078438554,3.3008524e-05,0.0018023872,0.0017719762,-0.0031392793,0.020692931,0.019842437,0.018001406,0.017194025,0.04462823
2023,11,11.457274,10.726608,9.916522,10.223149,14.2825775,10.72967,10.95874,11.386297,11.1270075,9.947922,-0.0029183493,-0.0030237641,-0.0032519524,-0.0022438224,-0.0019786172,0.05712007,0.05532845,0.051450215,0.055291865,0.057049513
2023,12,12.810273,11.001174,8.995438,10.110396,16.994864,10.77918,10.838214,10.948395,10.929531,10.000523,-0.0011498757,-0.0015443966,-0.0023983985,0.00018709402,-0.0007946128,0.12571181,0.12381687,0.11971503,0.12179043,0.1067639
2024,1,8.358319,7.794186,7.1687336,7.5003753,12.559453,10.881278,10.850557,10.793222,10.904189,10.186709,-0.009158494,-0.0066053397,-0.0010786292,-0.004376093,-0.007204823,0.029165627,0.025365321,0.017138964,0.02109374,0.04960524
2024,2,5.764418,5.7071176,5.643589,5.7052016,5.936502,10.774237,10.747714,10.698214,10.800115,10.140002,-0.0052822744,-0.004272253,-0.0020858992,-0.0037478786,-0.0012679392,0.003124998,0.0010221297,-0.0035298623,-0.0006836234,0.0141820675
2024,3,6.8911743,6.6317453,6.3441176,6.53846,7.9877715,10.857561,10.815478,10.736935,10.851459,10.177277,-0.002536545,-0.0031098498,-0.004350857,-0.0033859462,-0.00054806104,0.05100322,0.0530341,0.057430327,0.054704335,0.049938705
2024,4,8.490045,8.065153,7.5940766,7.945542,9.791315,11.459512,11.491875,11.552277,11.560212,10.619975,-0.00399135,-0.0047136317,-0.0062771277,-0.0051281243,-0.0076366607,0.07243019,0.06793692,0.0582105,0.0638266,0.08599787
2024,5,7.5386357,7.213633,6.8533034,7.165533,7.769571,11.786456,11.937106,12.218297,12.064168,10.850893,0.0028857149,0.003189181,0.0038460807,0.0051527815,-0.0014944059,-0.005721749,-0.0060080276,-0.006627723,-0.007734793,0.022118563
2024,6,8.5554905,8.005684,7.3961143,7.9594464,8.933755,12.141629,12.309831,12.62379,12.451885,11.111413,0.00018030584,0.0014916551,0.004330281,0.0030129147,-0.0010170769,-0.041788757,-0.04377483,-0.04807396,-0.04605518,-0.019425096
2024,7,8.205132,7.9450746,7.6567516,7.97472,8.115192,12.3373375,12.576425,13.022677,12.738823,11.330134,0.00022009613,0.00025536312,0.0003317043,0.001183239,0.0005201922,-0.02782117,-0.024636835,-0.017743856,-0.02335656,-0.011094351
2024,8,11.737076,11.192008,10.587694,11.070801,12.072405,13.433339,13.870942,14.687725,14.16907,11.961366,-0.0015464163,-0.002182479,-0.0035593375,-0.0024795174,0.0007731369,0.034321904,0.037813183,0.0453706,0.039303146,0.029837847
2024,9,13.358822,12.642618,11.848566,12.42386,14.880149,14.111207,14.513107,15.263264,14.815973,12.488215,-0.0027416958,-0.0027848377,-0.0028782282,-0.0023744167,-0.0014213542,0.030717751,0.026283612,0.01668521,0.024354707,0.03843589
2024,10,15.842132,14.676942,13.3851,14.594273,16.530718,13.489971,13.604357,13.817855,13.7561655,12.345815,-0.0002269386,0.00094401604,0.0034787308,0.0026433482,-0.0031907526,-0.018001927,-0.02525744,-0.04096314,-0.030451015,0.022426998
2024,11,12.034345,11.142749,10.154242,10.94151,15.507049,11.309664,11.209609,11.022859,11.206468,10.976521,0.0018135674,0.0025348368,0.004096137,0.0027632462,-0.00093806733,-0.07329034,-0.06587207,-0.04981405,-0.063117824,-0.0626966
2024,12,8.281659,7.813671,7.294813,7.7598367,9.3423195,10.8158865,10.744517,10.611306,10.767633,10.350527,0.0014751722,0.0016903742,0.0021562132,0.0027419108,-8.4049636e-05,-0.03703345,-0.035221316,-0.031298663,-0.034699783,-0.025985664
